dataset,seq_seed,container_shape,ALG,best_N,best_U_star,delta,seed,U_improve_pct,U_star_improve_pct,instance_id,file
Merged1_normal,3,cube,BLF,2,0.301516467,1.698483533,3,0,0,Merged1_normal_seq3_cube_999999_1,Merged1_normal_seq3_cube_999999_1_BLF.json
Merged1_normal,3,cube,GRASP,1,0.338059389,0.661940611,3,100,23.81506804,Merged1_normal_seq3_cube_999999_1,Merged1_normal_seq3_cube_999999_1_GRASP.json
Merged1_normal,3,cube,GRASP_ILS,1,0.338059389,0.661940611,3,100,23.81506804,Merged1_normal_seq3_cube_999999_1,Merged1_normal_seq3_cube_999999_1_GRASP_ILS.json
Merged1_normal,3,cube,ILS,1,0.338059389,0.661940611,3,0,0,Merged1_normal_seq3_cube_999999_1,Merged1_normal_seq3_cube_999999_1_ILS.json
Merged1_normal,3,cylinder,BLF,2,0.218898385,1.781101615,3,0,0,Merged1_normal_seq3_cylinder_999999_1,Merged1_normal_seq3_cylinder_999999_1_BLF.json
Merged1_normal,3,cylinder,GRASP,1,0.281264491,0.718735509,3,0,0,Merged1_normal_seq3_cylinder_999999_1,Merged1_normal_seq3_cylinder_999999_1_GRASP.json
Merged1_normal,3,cylinder,GRASP_ILS,1,0.281264491,0.718735509,3,0,0,Merged1_normal_seq3_cylinder_999999_1,Merged1_normal_seq3_cylinder_999999_1_GRASP_ILS.json
Merged1_normal,3,cylinder,ILS,1,0.281264491,0.718735509,3,100,23.81506804,Merged1_normal_seq3_cylinder_999999_1,Merged1_normal_seq3_cylinder_999999_1_ILS.json
Merged1_normal,7,cube,BLF,2,0.318301695,1.681698305,7,0,0,Merged1_normal_seq7_cube_999999_1,Merged1_normal_seq7_cube_999999_1_BLF.json
Merged1_normal,7,cube,GRASP,1,0.338059389,0.661940611,7,0,0,Merged1_normal_seq7_cube_999999_1,Merged1_normal_seq7_cube_999999_1_GRASP.json
Merged1_normal,7,cube,GRASP_ILS,1,0.338059389,0.661940611,7,0,0,Merged1_normal_seq7_cube_999999_1,Merged1_normal_seq7_cube_999999_1_GRASP_ILS.json
Merged1_normal,7,cube,ILS,1,0.338059389,0.661940611,7,100,6.207222219,Merged1_normal_seq7_cube_999999_1,Merged1_normal_seq7_cube_999999_1_ILS.json
Merged1_normal,7,cylinder,BLF,1,0.281264491,0.718735509,7,0,0,Merged1_normal_seq7_cylinder_999999_1,Merged1_normal_seq7_cylinder_999999_1_BLF.json
Merged1_normal,7,cylinder,GRASP,1,0.281264491,0.718735509,7,0,0,Merged1_normal_seq7_cylinder_999999_1,Merged1_normal_seq7_cylinder_999999_1_GRASP.json
Merged1_normal,7,cylinder,GRASP_ILS,1,0.281264491,0.718735509,7,0,0,Merged1_normal_seq7_cylinder_999999_1,Merged1_normal_seq7_cylinder_999999_1_GRASP_ILS.json
Merged1_normal,7,cylinder,ILS,1,0.281264491,0.718735509,7,100,6.207222219,Merged1_normal_seq7_cylinder_999999_1,Merged1_normal_seq7_cylinder_999999_1_ILS.json
Merged1_normal,13,cube,BLF,2,0.318301695,1.681698305,13,0,0,Merged1_normal_seq13_cube_999999_1,Merged1_normal_seq13_cube_999999_1_BLF.json
Merged1_normal,13,cube,GRASP,1,0.338059389,0.661940611,13,100,10.17561838,Merged1_normal_seq13_cube_999999_1,Merged1_normal_seq13_cube_999999_1_GRASP.json
Merged1_normal,13,cube,GRASP_ILS,1,0.338059389,0.661940611,13,100,10.17561838,Merged1_normal_seq13_cube_999999_1,Merged1_normal_seq13_cube_999999_1_GRASP_ILS.json
Merged1_normal,13,cube,ILS,1,0.338059389,0.661940611,13,100,6.207222219,Merged1_normal_seq13_cube_999999_1,Merged1_normal_seq13_cube_999999_1_ILS.json
Merged1_normal,13,cylinder,BLF,1,0.281264491,0.718735509,13,0,0,Merged1_normal_seq13_cylinder_999999_1,Merged1_normal_seq13_cylinder_999999_1_BLF.json
Merged1_normal,13,cylinder,GRASP,1,0.281264491,0.718735509,13,0,0,Merged1_normal_seq13_cylinder_999999_1,Merged1_normal_seq13_cylinder_999999_1_GRASP.json
Merged1_normal,13,cylinder,GRASP_ILS,1,0.281264491,0.718735509,13,0,0,Merged1_normal_seq13_cylinder_999999_1,Merged1_normal_seq13_cylinder_999999_1_GRASP_ILS.json
Merged1_normal,13,cylinder,ILS,1,0.281264491,0.718735509,13,100,6.207222219,Merged1_normal_seq13_cylinder_999999_1,Merged1_normal_seq13_cylinder_999999_1_ILS.json
Merged1_normal,19,cube,BLF,2,0.299642803,1.700357197,19,0,0,Merged1_normal_seq19_cube_999999_1,Merged1_normal_seq19_cube_999999_1_BLF.json
Merged1_normal,19,cube,GRASP,1,0.338059389,0.661940611,19,100,6.207222219,Merged1_normal_seq19_cube_999999_1,Merged1_normal_seq19_cube_999999_1_GRASP.json
Merged1_normal,19,cube,GRASP_ILS,1,0.338059389,0.661940611,19,100,6.207222219,Merged1_normal_seq19_cube_999999_1,Merged1_normal_seq19_cube_999999_1_GRASP_ILS.json
Merged1_normal,19,cube,ILS,1,0.338059389,0.661940611,19,0,0,Merged1_normal_seq19_cube_999999_1,Merged1_normal_seq19_cube_999999_1_ILS.json
Merged1_normal,19,cylinder,BLF,2,0.249301996,1.750698004,19,0,0,Merged1_normal_seq19_cylinder_999999_1,Merged1_normal_seq19_cylinder_999999_1_BLF.json
Merged1_normal,19,cylinder,GRASP,1,0.281264491,0.718735509,19,0,0,Merged1_normal_seq19_cylinder_999999_1,Merged1_normal_seq19_cylinder_999999_1_GRASP.json
Merged1_normal,19,cylinder,GRASP_ILS,1,0.281264491,0.718735509,19,0,0,Merged1_normal_seq19_cylinder_999999_1,Merged1_normal_seq19_cylinder_999999_1_GRASP_ILS.json
Merged1_normal,19,cylinder,ILS,1,0.281264491,0.718735509,19,0,0,Merged1_normal_seq19_cylinder_999999_1,Merged1_normal_seq19_cylinder_999999_1_ILS.json
Merged1_normal,53,cube,BLF,2,0.318301695,1.681698305,53,0,0,Merged1_normal_seq53_cube_999999_1,Merged1_normal_seq53_cube_999999_1_BLF.json
Merged1_normal,53,cube,GRASP,1,0.338059389,0.661940611,53,100,6.207222219,Merged1_normal_seq53_cube_999999_1,Merged1_normal_seq53_cube_999999_1_GRASP.json
Merged1_normal,53,cube,GRASP_ILS,1,0.338059389,0.661940611,53,100,6.207222219,Merged1_normal_seq53_cube_999999_1,Merged1_normal_seq53_cube_999999_1_GRASP_ILS.json
Merged1_normal,53,cube,ILS,1,0.338059389,0.661940611,53,0,0,Merged1_normal_seq53_cube_999999_1,Merged1_normal_seq53_cube_999999_1_ILS.json
Merged1_normal,53,cylinder,BLF,2,0.264826144,1.735173856,53,0,0,Merged1_normal_seq53_cylinder_999999_1,Merged1_normal_seq53_cylinder_999999_1_BLF.json
Merged1_normal,53,cylinder,GRASP,1,0.281264491,0.718735509,53,0,0,Merged1_normal_seq53_cylinder_999999_1,Merged1_normal_seq53_cylinder_999999_1_GRASP.json
Merged1_normal,53,cylinder,GRASP_ILS,1,0.281264491,0.718735509,53,0,0,Merged1_normal_seq53_cylinder_999999_1,Merged1_normal_seq53_cylinder_999999_1_GRASP_ILS.json
Merged1_normal,53,cylinder,ILS,1,0.281264491,0.718735509,53,0,0,Merged1_normal_seq53_cylinder_999999_1,Merged1_normal_seq53_cylinder_999999_1_ILS.json
Merged2_normal,3,cube,BLF,3,0.311112839,2.688887161,3,0,0,Merged2_normal_seq3_cube_999999_1,Merged2_normal_seq3_cube_999999_1_BLF.json
Merged2_normal,3,cube,GRASP,2,0.396381384,1.603618616,3,50,22.92873332,Merged2_normal_seq3_cube_999999_1,Merged2_normal_seq3_cube_999999_1_GRASP.json
Merged2_normal,3,cube,GRASP_ILS,2,0.405563978,1.594436022,3,50,25.77650734,Merged2_normal_seq3_cube_999999_1,Merged2_normal_seq3_cube_999999_1_GRASP_ILS.json
Merged2_normal,3,cube,ILS,2,0.42269215,1.57730785,3,50,31.08842298,Merged2_normal_seq3_cube_999999_1,Merged2_normal_seq3_cube_999999_1_ILS.json
Merged2_normal,3,cylinder,BLF,2,0.290989363,1.709010637,3,0,0,Merged2_normal_seq3_cylinder_999999_1,Merged2_normal_seq3_cylinder_999999_1_BLF.json
Merged2_normal,3,cylinder,GRASP,2,0.353735667,1.646264333,3,50,31.85515198,Merged2_normal_seq3_cylinder_999999_1,Merged2_normal_seq3_cylinder_999999_1_GRASP.json
Merged2_normal,3,cylinder,GRASP_ILS,2,0.371101151,1.628898849,3,50,38.32814501,Merged2_normal_seq3_cylinder_999999_1,Merged2_normal_seq3_cylinder_999999_1_GRASP_ILS.json
Merged2_normal,3,cylinder,ILS,2,0.362732486,1.637267514,3,50,35.20872067,Merged2_normal_seq3_cylinder_999999_1,Merged2_normal_seq3_cylinder_999999_1_ILS.json
Merged2_normal,7,cube,BLF,3,0.322448116,2.677551884,7,0,0,Merged2_normal_seq7_cube_999999_1,Merged2_normal_seq7_cube_999999_1_BLF.json
Merged2_normal,7,cube,GRASP,2,0.410634705,1.589365295,7,0,0,Merged2_normal_seq7_cube_999999_1,Merged2_normal_seq7_cube_999999_1_GRASP.json
Merged2_normal,7,cube,GRASP_ILS,2,0.410634705,1.589365295,7,0,0,Merged2_normal_seq7_cube_999999_1,Merged2_normal_seq7_cube_999999_1_GRASP_ILS.json
Merged2_normal,7,cube,ILS,2,0.396089407,1.603910593,7,50,22.83818321,Merged2_normal_seq7_cube_999999_1,Merged2_normal_seq7_cube_999999_1_ILS.json
Merged2_normal,7,cylinder,BLF,2,0.29992006,1.70007994,7,0,0,Merged2_normal_seq7_cylinder_999999_1,Merged2_normal_seq7_cylinder_999999_1_BLF.json
Merged2_normal,7,cylinder,GRASP,2,0.344002889,1.655997111,7,50,28.22725397,Merged2_normal_seq7_cylinder_999999_1,Merged2_normal_seq7_cylinder_999999_1_GRASP.json
Merged2_normal,7,cylinder,GRASP_ILS,2,0.345022021,1.654977979,7,50,28.60713578,Merged2_normal_seq7_cylinder_999999_1,Merged2_normal_seq7_cylinder_999999_1_GRASP_ILS.json
Merged2_normal,7,cylinder,ILS,2,0.353811851,1.646188149,7,0,2.851418292,Merged2_normal_seq7_cylinder_999999_1,Merged2_normal_seq7_cylinder_999999_1_ILS.json
Merged2_normal,13,cube,BLF,3,0.328180542,2.671819458,13,0,0,Merged2_normal_seq13_cube_999999_1,Merged2_normal_seq13_cube_999999_1_BLF.json
Merged2_normal,13,cube,GRASP,2,0.413367023,1.586632977,13,50,25.95720039,Merged2_normal_seq13_cube_999999_1,Merged2_normal_seq13_cube_999999_1_GRASP.json
Merged2_normal,13,cube,GRASP_ILS,2,0.452649174,1.547350826,13,50,37.92687742,Merged2_normal_seq13_cube_999999_1,Merged2_normal_seq13_cube_999999_1_GRASP_ILS.json
Merged2_normal,13,cube,ILS,2,0.396330418,1.603669582,13,50,20.76597089,Merged2_normal_seq13_cube_999999_1,Merged2_normal_seq13_cube_999999_1_ILS.json
Merged2_normal,13,cylinder,BLF,3,0.273045317,2.726954683,13,0,0,Merged2_normal_seq13_cylinder_999999_1,Merged2_normal_seq13_cylinder_999999_1_BLF.json
Merged2_normal,13,cylinder,GRASP,2,0.364800216,1.635199784,13,50,33.6042747,Merged2_normal_seq13_cylinder_999999_1,Merged2_normal_seq13_cylinder_999999_1_GRASP.json
Merged2_normal,13,cylinder,GRASP_ILS,2,0.385832561,1.614167439,13,50,41.30715169,Merged2_normal_seq13_cylinder_999999_1,Merged2_normal_seq13_cylinder_999999_1_GRASP_ILS.json
Merged2_normal,13,cylinder,ILS,2,0.367176273,1.632823727,13,0,7.216879961,Merged2_normal_seq13_cylinder_999999_1,Merged2_normal_seq13_cylinder_999999_1_ILS.json
Merged2_normal,19,cube,BLF,3,0.329541086,2.670458914,19,0,0,Merged2_normal_seq19_cube_999999_1,Merged2_normal_seq19_cube_999999_1_BLF.json
Merged2_normal,19,cube,GRASP,2,0.421199439,1.578800561,19,0,2.251418146,Merged2_normal_seq19_cube_999999_1,Merged2_normal_seq19_cube_999999_1_GRASP.json
Merged2_normal,19,cube,GRASP_ILS,2,0.412390887,1.587609113,19,0,0.113032263,Merged2_normal_seq19_cube_999999_1,Merged2_normal_seq19_cube_999999_1_GRASP_ILS.json
Merged2_normal,19,cube,ILS,2,0.379985747,1.620014253,19,50,15.30754813,Merged2_normal_seq19_cube_999999_1,Merged2_normal_seq19_cube_999999_1_ILS.json
Merged2_normal,19,cylinder,BLF,2,0.321538873,1.678461127,19,0,0,Merged2_normal_seq19_cylinder_999999_1,Merged2_normal_seq19_cylinder_999999_1_BLF.json
Merged2_normal,19,cylinder,GRASP,2,0.380135342,1.619864658,19,0,22.45028835,Merged2_normal_seq19_cylinder_999999_1,Merged2_normal_seq19_cylinder_999999_1_GRASP.json
Merged2_normal,19,cylinder,GRASP_ILS,2,0.368996767,1.631003233,19,0,18.86229832,Merged2_normal_seq19_cylinder_999999_1,Merged2_normal_seq19_cylinder_999999_1_GRASP_ILS.json
Merged2_normal,19,cylinder,ILS,2,0.34180651,1.65819349,19,0,2.049649058,Merged2_normal_seq19_cylinder_999999_1,Merged2_normal_seq19_cylinder_999999_1_ILS.json
Merged2_normal,53,cube,BLF,2,0.364378793,1.635621207,53,0,0,Merged2_normal_seq53_cube_999999_1,Merged2_normal_seq53_cube_999999_1_BLF.json
Merged2_normal,53,cube,GRASP,2,0.394144045,1.605855955,53,50,21.71738324,Merged2_normal_seq53_cube_999999_1,Merged2_normal_seq53_cube_999999_1_GRASP.json
Merged2_normal,53,cube,GRASP_ILS,2,0.388274268,1.611725732,53,50,19.90471135,Merged2_normal_seq53_cube_999999_1,Merged2_normal_seq53_cube_999999_1_GRASP_ILS.json
Merged2_normal,53,cube,ILS,2,0.422100421,1.577899579,53,0,0,Merged2_normal_seq53_cube_999999_1,Merged2_normal_seq53_cube_999999_1_ILS.json
Merged2_normal,53,cylinder,BLF,2,0.311444584,1.688555416,53,0,0,Merged2_normal_seq53_cylinder_999999_1,Merged2_normal_seq53_cylinder_999999_1_BLF.json
Merged2_normal,53,cylinder,GRASP,2,0.337783887,1.662216113,53,50,25.37607273,Merged2_normal_seq53_cylinder_999999_1,Merged2_normal_seq53_cylinder_999999_1_GRASP.json
Merged2_normal,53,cylinder,GRASP_ILS,2,0.351935297,1.648064703,53,50,30.62868637,Merged2_normal_seq53_cylinder_999999_1,Merged2_normal_seq53_cylinder_999999_1_GRASP_ILS.json
Merged2_normal,53,cylinder,ILS,2,0.324815474,1.675184526,53,0,14.42496607,Merged2_normal_seq53_cylinder_999999_1,Merged2_normal_seq53_cylinder_999999_1_ILS.json
Merged3_normal,3,cube,BLF,4,0.32525386,3.67474614,3,0,0,Merged3_normal_seq3_cube_999999_1,Merged3_normal_seq3_cube_999999_1_BLF.json
Merged3_normal,3,cube,GRASP,3,0.406626066,2.593373934,3,0,0,Merged3_normal_seq3_cube_999999_1,Merged3_normal_seq3_cube_999999_1_GRASP.json
Merged3_normal,3,cube,GRASP_ILS,3,0.406626066,2.593373934,3,0,0,Merged3_normal_seq3_cube_999999_1,Merged3_normal_seq3_cube_999999_1_GRASP_ILS.json
Merged3_normal,3,cube,ILS,3,0.390200626,2.609799374,3,33.33333333,19.96802312,Merged3_normal_seq3_cube_999999_1,Merged3_normal_seq3_cube_999999_1_ILS.json
Merged3_normal,3,cylinder,BLF,3,0.343009991,2.656990009,3,0,0,Merged3_normal_seq3_cylinder_999999_1,Merged3_normal_seq3_cylinder_999999_1_BLF.json
Merged3_normal,3,cylinder,GRASP,3,0.354857934,2.645142066,3,33.33333333,31.13244379,Merged3_normal_seq3_cylinder_999999_1,Merged3_normal_seq3_cylinder_999999_1_GRASP.json
Merged3_normal,3,cylinder,GRASP_ILS,3,0.354348368,2.645651632,3,33.33333333,30.94414138,Merged3_normal_seq3_cylinder_999999_1,Merged3_normal_seq3_cylinder_999999_1_GRASP_ILS.json
Merged3_normal,3,cylinder,ILS,3,0.320590534,2.679409466,3,0,1.12216017,Merged3_normal_seq3_cylinder_999999_1,Merged3_normal_seq3_cylinder_999999_1_ILS.json
Merged3_normal,7,cube,BLF,3,0.343658352,2.656341648,7,0,0,Merged3_normal_seq7_cube_999999_1,Merged3_normal_seq7_cube_999999_1_BLF.json
Merged3_normal,7,cube,GRASP,3,0.372975273,2.627024727,7,33.33333333,13.8327911,Merged3_normal_seq7_cube_999999_1,Merged3_normal_seq7_cube_999999_1_GRASP.json
Merged3_normal,7,cube,GRASP_ILS,3,0.386466256,2.613533744,7,33.33333333,17.95026602,Merged3_normal_seq7_cube_999999_1,Merged3_normal_seq7_cube_999999_1_GRASP_ILS.json
Merged3_normal,7,cube,ILS,3,0.389738905,2.610261095,7,0,5.193560684,Merged3_normal_seq7_cube_999999_1,Merged3_normal_seq7_cube_999999_1_ILS.json
Merged3_normal,7,cylinder,BLF,4,0.268017218,3.731982782,7,0,0,Merged3_normal_seq7_cylinder_999999_1,Merged3_normal_seq7_cylinder_999999_1_BLF.json
Merged3_normal,7,cylinder,GRASP,3,0.307577921,2.692422079,7,0,2.257288339,Merged3_normal_seq7_cylinder_999999_1,Merged3_normal_seq7_cylinder_999999_1_GRASP.json
Merged3_normal,7,cylinder,GRASP_ILS,3,0.330063858,2.669936142,7,0,9.732958035,Merged3_normal_seq7_cylinder_999999_1,Merged3_normal_seq7_cylinder_999999_1_GRASP_ILS.json
Merged3_normal,7,cylinder,ILS,3,0.307668478,2.692331522,7,0,5.673399967,Merged3_normal_seq7_cylinder_999999_1,Merged3_normal_seq7_cylinder_999999_1_ILS.json
Merged3_normal,13,cube,BLF,3,0.370682648,2.629317352,13,0,0,Merged3_normal_seq13_cube_999999_1,Merged3_normal_seq13_cube_999999_1_BLF.json
Merged3_normal,13,cube,GRASP,3,0.410356981,2.589643019,13,0,7.65950696,Merged3_normal_seq13_cube_999999_1,Merged3_normal_seq13_cube_999999_1_GRASP.json
Merged3_normal,13,cube,GRASP_ILS,3,0.381161862,2.618838138,13,0,0,Merged3_normal_seq13_cube_999999_1,Merged3_normal_seq13_cube_999999_1_GRASP_ILS.json
Merged3_normal,13,cube,ILS,3,0.416392614,2.583607386,13,0,0.830445774,Merged3_normal_seq13_cube_999999_1,Merged3_normal_seq13_cube_999999_1_ILS.json
Merged3_normal,13,cylinder,BLF,3,0.323713332,2.676286668,13,0,0,Merged3_normal_seq13_cylinder_999999_1,Merged3_normal_seq13_cylinder_999999_1_BLF.json
Merged3_normal,13,cylinder,GRASP,3,0.332417275,2.667582725,13,33.33333333,22.60440828,Merged3_normal_seq13_cylinder_999999_1,Merged3_normal_seq13_cylinder_999999_1_GRASP.json
Merged3_normal,13,cylinder,GRASP_ILS,3,0.338218348,2.661781652,13,33.33333333,24.74399926,Merged3_normal_seq13_cylinder_999999_1,Merged3_normal_seq13_cylinder_999999_1_GRASP_ILS.json
Merged3_normal,13,cylinder,ILS,3,0.326566612,2.673433388,13,0,4.255782925,Merged3_normal_seq13_cylinder_999999_1,Merged3_normal_seq13_cylinder_999999_1_ILS.json
Merged3_normal,19,cube,BLF,4,0.321065976,3.678934024,19,0,0,Merged3_normal_seq19_cube_999999_1,Merged3_normal_seq19_cube_999999_1_BLF.json
Merged3_normal,19,cube,GRASP,3,0.384218983,2.615781017,19,33.33333333,19.66979127,Merged3_normal_seq19_cube_999999_1,Merged3_normal_seq19_cube_999999_1_GRASP.json
Merged3_normal,19,cube,GRASP_ILS,3,0.400791707,2.599208293,19,33.33333333,24.83157283,Merged3_normal_seq19_cube_999999_1,Merged3_normal_seq19_cube_999999_1_GRASP_ILS.json
Merged3_normal,19,cube,ILS,3,0.367646259,2.632353741,19,0,0,Merged3_normal_seq19_cube_999999_1,Merged3_normal_seq19_cube_999999_1_ILS.json
Merged3_normal,19,cylinder,BLF,3,0.337063739,2.662936261,19,0,0,Merged3_normal_seq19_cylinder_999999_1,Merged3_normal_seq19_cylinder_999999_1_BLF.json
Merged3_normal,19,cylinder,GRASP,3,0.34192905,2.65807095,19,0,8.859981809,Merged3_normal_seq19_cylinder_999999_1,Merged3_normal_seq19_cylinder_999999_1_GRASP.json
Merged3_normal,19,cylinder,GRASP_ILS,3,0.349438856,2.650561144,19,0,11.25087951,Merged3_normal_seq19_cylinder_999999_1,Merged3_normal_seq19_cylinder_999999_1_GRASP_ILS.json
Merged3_normal,19,cylinder,ILS,3,0.31409986,2.68590014,19,0,0,Merged3_normal_seq19_cylinder_999999_1,Merged3_normal_seq19_cylinder_999999_1_ILS.json
Merged3_normal,53,cube,BLF,4,0.301793759,3.698206241,53,0,0,Merged3_normal_seq53_cube_999999_1,Merged3_normal_seq53_cube_999999_1_BLF.json
Merged3_normal,53,cube,GRASP,3,0.367377605,2.632622395,53,0,0,Merged3_normal_seq53_cube_999999_1,Merged3_normal_seq53_cube_999999_1_GRASP.json
Merged3_normal,53,cube,GRASP_ILS,3,0.379313249,2.620686751,53,0,3.248876343,Merged3_normal_seq53_cube_999999_1,Merged3_normal_seq53_cube_999999_1_GRASP_ILS.json
Merged3_normal,53,cube,ILS,3,0.38805183,2.61194817,53,0,0,Merged3_normal_seq53_cube_999999_1,Merged3_normal_seq53_cube_999999_1_ILS.json
Merged3_normal,53,cylinder,BLF,4,0.265130877,3.734869123,53,0,0,Merged3_normal_seq53_cylinder_999999_1,Merged3_normal_seq53_cylinder_999999_1_BLF.json
Merged3_normal,53,cylinder,GRASP,3,0.334280533,2.665719467,53,0,7.230687829,Merged3_normal_seq53_cylinder_999999_1,Merged3_normal_seq53_cylinder_999999_1_GRASP.json
Merged3_normal,53,cylinder,GRASP_ILS,3,0.336646528,2.663353472,53,0,7.98965299,Merged3_normal_seq53_cylinder_999999_1,Merged3_normal_seq53_cylinder_999999_1_GRASP_ILS.json
Merged3_normal,53,cylinder,ILS,3,0.325528076,2.674471924,53,0,4.423070051,Merged3_normal_seq53_cylinder_999999_1,Merged3_normal_seq53_cylinder_999999_1_ILS.json
Merged4_normal,3,cube,BLF,4,0.357263362,3.642736638,3,0,0,Merged4_normal_seq3_cube_999999_1,Merged4_normal_seq3_cube_999999_1_BLF.json
Merged4_normal,3,cube,GRASP,4,0.405408775,3.594591225,3,0,6.767301588,Merged4_normal_seq3_cube_999999_1,Merged4_normal_seq3_cube_999999_1_GRASP.json
Merged4_normal,3,cube,GRASP_ILS,4,0.399850556,3.600149444,3,0,5.303504831,Merged4_normal_seq3_cube_999999_1,Merged4_normal_seq3_cube_999999_1_GRASP_ILS.json
Merged4_normal,3,cube,ILS,4,0.386725696,3.613274304,3,0,2.102953653,Merged4_normal_seq3_cube_999999_1,Merged4_normal_seq3_cube_999999_1_ILS.json
Merged4_normal,3,cylinder,BLF,4,0.346050975,3.653949025,3,0,0,Merged4_normal_seq3_cylinder_999999_1,Merged4_normal_seq3_cylinder_999999_1_BLF.json
Merged4_normal,3,cylinder,GRASP,4,0.332674574,3.667325426,3,25,20.03199975,Merged4_normal_seq3_cylinder_999999_1,Merged4_normal_seq3_cylinder_999999_1_GRASP.json
Merged4_normal,3,cylinder,GRASP_ILS,4,0.352677965,3.647322035,3,25,27.24940443,Merged4_normal_seq3_cylinder_999999_1,Merged4_normal_seq3_cylinder_999999_1_GRASP_ILS.json
Merged4_normal,3,cylinder,ILS,4,0.364815069,3.635184931,3,0,0,Merged4_normal_seq3_cylinder_999999_1,Merged4_normal_seq3_cylinder_999999_1_ILS.json
Merged4_normal,7,cube,BLF,4,0.354026851,3.645973149,7,0,0,Merged4_normal_seq7_cube_999999_1,Merged4_normal_seq7_cube_999999_1_BLF.json
Merged4_normal,7,cube,GRASP,4,0.385122701,3.614877299,7,0,9.004941348,Merged4_normal_seq7_cube_999999_1,Merged4_normal_seq7_cube_999999_1_GRASP.json
Merged4_normal,7,cube,GRASP_ILS,4,0.383343195,3.616656805,7,0,8.501270993,Merged4_normal_seq7_cube_999999_1,Merged4_normal_seq7_cube_999999_1_GRASP_ILS.json
Merged4_normal,7,cube,ILS,4,0.38440226,3.61559774,7,0,0,Merged4_normal_seq7_cube_999999_1,Merged4_normal_seq7_cube_999999_1_ILS.json
Merged4_normal,7,cylinder,BLF,4,0.321176403,3.678823597,7,0,0,Merged4_normal_seq7_cylinder_999999_1,Merged4_normal_seq7_cylinder_999999_1_BLF.json
Merged4_normal,7,cylinder,GRASP,4,0.318001859,3.681998141,7,0,5.569292461,Merged4_normal_seq7_cylinder_999999_1,Merged4_normal_seq7_cylinder_999999_1_GRASP.json
Merged4_normal,7,cylinder,GRASP_ILS,4,0.319600271,3.680399729,7,0,6.099928501,Merged4_normal_seq7_cylinder_999999_1,Merged4_normal_seq7_cylinder_999999_1_GRASP_ILS.json
Merged4_normal,7,cylinder,ILS,4,0.324739051,3.675260949,7,0,5.709945262,Merged4_normal_seq7_cylinder_999999_1,Merged4_normal_seq7_cylinder_999999_1_ILS.json
Merged4_normal,13,cube,BLF,4,0.385550876,3.614449124,13,0,0,Merged4_normal_seq13_cube_999999_1,Merged4_normal_seq13_cube_999999_1_BLF.json
Merged4_normal,13,cube,GRASP,4,0.380029227,3.619970773,13,25,16.81908626,Merged4_normal_seq13_cube_999999_1,Merged4_normal_seq13_cube_999999_1_GRASP.json
Merged4_normal,13,cube,GRASP_ILS,4,0.398274628,3.601725372,13,25,22.42763167,Merged4_normal_seq13_cube_999999_1,Merged4_normal_seq13_cube_999999_1_GRASP_ILS.json
Merged4_normal,13,cube,ILS,4,0.390272613,3.609727387,13,0,2.695420649,Merged4_normal_seq13_cube_999999_1,Merged4_normal_seq13_cube_999999_1_ILS.json
Merged4_normal,13,cylinder,BLF,4,0.318116134,3.681883866,13,0,0,Merged4_normal_seq13_cylinder_999999_1,Merged4_normal_seq13_cylinder_999999_1_BLF.json
Merged4_normal,13,cylinder,GRASP,4,0.336088209,3.663911791,13,0,3.74658524,Merged4_normal_seq13_cylinder_999999_1,Merged4_normal_seq13_cylinder_999999_1_GRASP.json
Merged4_normal,13,cylinder,GRASP_ILS,4,0.327885326,3.672114674,13,0,1.214449149,Merged4_normal_seq13_cylinder_999999_1,Merged4_normal_seq13_cylinder_999999_1_GRASP_ILS.json
Merged4_normal,13,cylinder,ILS,4,0.336088209,3.663911791,13,0,0.578429208,Merged4_normal_seq13_cylinder_999999_1,Merged4_normal_seq13_cylinder_999999_1_ILS.json
Merged4_normal,19,cube,BLF,4,0.364765792,3.635234208,19,0,0,Merged4_normal_seq19_cube_999999_1,Merged4_normal_seq19_cube_999999_1_BLF.json
Merged4_normal,19,cube,GRASP,4,0.372730951,3.627269049,19,0,2.183636384,Merged4_normal_seq19_cube_999999_1,Merged4_normal_seq19_cube_999999_1_GRASP.json
Merged4_normal,19,cube,GRASP_ILS,4,0.368690782,3.631309218,19,0,1.076030206,Merged4_normal_seq19_cube_999999_1,Merged4_normal_seq19_cube_999999_1_GRASP_ILS.json
Merged4_normal,19,cube,ILS,4,0.355668142,3.644331858,19,25,8.285116649,Merged4_normal_seq19_cube_999999_1,Merged4_normal_seq19_cube_999999_1_ILS.json
Merged4_normal,19,cylinder,BLF,4,0.34212418,3.65787582,19,0,0,Merged4_normal_seq19_cylinder_999999_1,Merged4_normal_seq19_cylinder_999999_1_BLF.json
Merged4_normal,19,cylinder,GRASP,4,0.329957608,3.670042392,19,0,6.39979358,Merged4_normal_seq19_cylinder_999999_1,Merged4_normal_seq19_cylinder_999999_1_GRASP.json
Merged4_normal,19,cylinder,GRASP_ILS,4,0.350746311,3.649253689,19,0,13.10342324,Merged4_normal_seq19_cylinder_999999_1,Merged4_normal_seq19_cylinder_999999_1_GRASP_ILS.json
Merged4_normal,19,cylinder,ILS,4,0.34875117,3.65124883,19,0,0,Merged4_normal_seq19_cylinder_999999_1,Merged4_normal_seq19_cylinder_999999_1_ILS.json
Merged4_normal,53,cube,BLF,4,0.382597416,3.617402584,53,0,0,Merged4_normal_seq53_cube_999999_1,Merged4_normal_seq53_cube_999999_1_BLF.json
Merged4_normal,53,cube,GRASP,4,0.39098787,3.60901213,53,25,20.18771863,Merged4_normal_seq53_cube_999999_1,Merged4_normal_seq53_cube_999999_1_GRASP.json
Merged4_normal,53,cube,GRASP_ILS,4,0.355400065,3.644599935,53,25,9.248204954,Merged4_normal_seq53_cube_999999_1,Merged4_normal_seq53_cube_999999_1_GRASP_ILS.json
Merged4_normal,53,cube,ILS,4,0.368277004,3.631722996,53,0,0,Merged4_normal_seq53_cube_999999_1,Merged4_normal_seq53_cube_999999_1_ILS.json
Merged4_normal,53,cylinder,BLF,4,0.309273838,3.690726162,53,0,0,Merged4_normal_seq53_cylinder_999999_1,Merged4_normal_seq53_cylinder_999999_1_BLF.json
Merged4_normal,53,cylinder,GRASP,4,0.333199472,3.666800528,53,0,2.837069264,Merged4_normal_seq53_cylinder_999999_1,Merged4_normal_seq53_cylinder_999999_1_GRASP.json
Merged4_normal,53,cylinder,GRASP_ILS,4,0.355401399,3.644598601,53,0,9.689364207,Merged4_normal_seq53_cylinder_999999_1,Merged4_normal_seq53_cylinder_999999_1_GRASP_ILS.json
Merged4_normal,53,cylinder,ILS,4,0.344459031,3.655540969,53,0,0,Merged4_normal_seq53_cylinder_999999_1,Merged4_normal_seq53_cylinder_999999_1_ILS.json
Merged5_normal,3,cube,BLF,5,0.3719594,4.6280406,3,0,0,Merged5_normal_seq3_cube_999999_1,Merged5_normal_seq3_cube_999999_1_BLF.json
Merged5_normal,3,cube,GRASP,5,0.389369183,4.610630817,3,20,17.34530503,Merged5_normal_seq3_cube_999999_1,Merged5_normal_seq3_cube_999999_1_GRASP.json
Merged5_normal,3,cube,GRASP_ILS,5,0.395965878,4.604034122,3,20,19.33337013,Merged5_normal_seq3_cube_999999_1,Merged5_normal_seq3_cube_999999_1_GRASP_ILS.json
Merged5_normal,3,cube,ILS,5,0.361003347,4.638996653,3,0,0,Merged5_normal_seq3_cube_999999_1,Merged5_normal_seq3_cube_999999_1_ILS.json
Merged5_normal,3,cylinder,BLF,5,0.306022991,4.693977009,3,0,0,Merged5_normal_seq3_cylinder_999999_1,Merged5_normal_seq3_cylinder_999999_1_BLF.json
Merged5_normal,3,cylinder,GRASP,5,0.322782242,4.677217758,3,0,3.316808337,Merged5_normal_seq3_cylinder_999999_1,Merged5_normal_seq3_cylinder_999999_1_GRASP.json
Merged5_normal,3,cylinder,GRASP_ILS,5,0.329021728,4.670978272,3,0,5.313955762,Merged5_normal_seq3_cylinder_999999_1,Merged5_normal_seq3_cylinder_999999_1_GRASP_ILS.json
Merged5_normal,3,cylinder,ILS,5,0.330345952,4.669654048,3,0,0.433735677,Merged5_normal_seq3_cylinder_999999_1,Merged5_normal_seq3_cylinder_999999_1_ILS.json
Merged5_normal,7,cube,BLF,5,0.348371882,4.651628118,7,0,0,Merged5_normal_seq7_cube_999999_1,Merged5_normal_seq7_cube_999999_1_BLF.json
Merged5_normal,7,cube,GRASP,5,0.383841486,4.616158514,7,0,8.850739011,Merged5_normal_seq7_cube_999999_1,Merged5_normal_seq7_cube_999999_1_GRASP.json
Merged5_normal,7,cube,GRASP_ILS,5,0.368269517,4.631730483,7,0,4.434800822,Merged5_normal_seq7_cube_999999_1,Merged5_normal_seq7_cube_999999_1_GRASP_ILS.json
Merged5_normal,7,cube,ILS,5,0.38751042,4.61248958,7,0,2.88683616,Merged5_normal_seq7_cube_999999_1,Merged5_normal_seq7_cube_999999_1_ILS.json
Merged5_normal,7,cylinder,BLF,5,0.308465888,4.691534112,7,0,0,Merged5_normal_seq7_cylinder_999999_1,Merged5_normal_seq7_cylinder_999999_1_BLF.json
Merged5_normal,7,cylinder,GRASP,5,0.314539351,4.685460649,7,0,4.261274976,Merged5_normal_seq7_cylinder_999999_1,Merged5_normal_seq7_cylinder_999999_1_GRASP.json
Merged5_normal,7,cylinder,GRASP_ILS,5,0.312372079,4.687627921,7,0,3.542883144,Merged5_normal_seq7_cylinder_999999_1,Merged5_normal_seq7_cylinder_999999_1_GRASP_ILS.json
Merged5_normal,7,cylinder,ILS,5,0.311958462,4.688041538,7,0,0,Merged5_normal_seq7_cylinder_999999_1,Merged5_normal_seq7_cylinder_999999_1_ILS.json
Merged5_normal,13,cube,BLF,6,0.33410785,5.66589215,13,0,0,Merged5_normal_seq13_cube_999999_1,Merged5_normal_seq13_cube_999999_1_BLF.json
Merged5_normal,13,cube,GRASP,5,0.389289278,4.610710722,13,0,6.481750583,Merged5_normal_seq13_cube_999999_1,Merged5_normal_seq13_cube_999999_1_GRASP.json
Merged5_normal,13,cube,GRASP_ILS,5,0.389696361,4.610303639,13,0,6.593099554,Merged5_normal_seq13_cube_999999_1,Merged5_normal_seq13_cube_999999_1_GRASP_ILS.json
Merged5_normal,13,cube,ILS,5,0.399300508,4.600699492,13,0,1.920938773,Merged5_normal_seq13_cube_999999_1,Merged5_normal_seq13_cube_999999_1_ILS.json
Merged5_normal,13,cylinder,BLF,5,0.333946152,4.666053848,13,0,0,Merged5_normal_seq13_cylinder_999999_1,Merged5_normal_seq13_cylinder_999999_1_BLF.json
Merged5_normal,13,cylinder,GRASP,5,0.336326522,4.663673478,13,0,0,Merged5_normal_seq13_cylinder_999999_1,Merged5_normal_seq13_cylinder_999999_1_GRASP.json
Merged5_normal,13,cylinder,GRASP_ILS,5,0.336326522,4.663673478,13,0,0,Merged5_normal_seq13_cylinder_999999_1,Merged5_normal_seq13_cylinder_999999_1_GRASP_ILS.json
Merged5_normal,13,cylinder,ILS,5,0.325903243,4.674096757,13,0,0,Merged5_normal_seq13_cylinder_999999_1,Merged5_normal_seq13_cylinder_999999_1_ILS.json
Merged5_normal,19,cube,BLF,6,0.33181488,5.66818512,19,0,0,Merged5_normal_seq19_cube_999999_1,Merged5_normal_seq19_cube_999999_1_BLF.json
Merged5_normal,19,cube,GRASP,5,0.399157326,4.600842674,19,0,6.364252641,Merged5_normal_seq19_cube_999999_1,Merged5_normal_seq19_cube_999999_1_GRASP.json
Merged5_normal,19,cube,GRASP_ILS,5,0.387215635,4.612784365,19,0,3.182126321,Merged5_normal_seq19_cube_999999_1,Merged5_normal_seq19_cube_999999_1_GRASP_ILS.json
Merged5_normal,19,cube,ILS,5,0.359181946,4.640818054,19,0,0,Merged5_normal_seq19_cube_999999_1,Merged5_normal_seq19_cube_999999_1_ILS.json
Merged5_normal,19,cylinder,BLF,5,0.308683298,4.691316702,19,0,0,Merged5_normal_seq19_cylinder_999999_1,Merged5_normal_seq19_cylinder_999999_1_BLF.json
Merged5_normal,19,cylinder,GRASP,5,0.324226311,4.675773689,19,0,2.870999152,Merged5_normal_seq19_cylinder_999999_1,Merged5_normal_seq19_cylinder_999999_1_GRASP.json
Merged5_normal,19,cylinder,GRASP_ILS,5,0.321762392,4.678237608,19,0,2.089243202,Merged5_normal_seq19_cylinder_999999_1,Merged5_normal_seq19_cylinder_999999_1_GRASP_ILS.json
Merged5_normal,19,cylinder,ILS,5,0.318618752,4.681381248,19,0,0,Merged5_normal_seq19_cylinder_999999_1,Merged5_normal_seq19_cylinder_999999_1_ILS.json
Merged5_normal,53,cube,BLF,6,0.33410785,5.66589215,53,0,0,Merged5_normal_seq53_cube_999999_1,Merged5_normal_seq53_cube_999999_1_BLF.json
Merged5_normal,53,cube,GRASP,5,0.391210236,4.608789764,53,0,7.816603945,Merged5_normal_seq53_cube_999999_1,Merged5_normal_seq53_cube_999999_1_GRASP.json
Merged5_normal,53,cube,GRASP_ILS,5,0.391938452,4.608061548,53,0,8.01729828,Merged5_normal_seq53_cube_999999_1,Merged5_normal_seq53_cube_999999_1_GRASP_ILS.json
Merged5_normal,53,cube,ILS,5,0.376531908,4.623468092,53,0,0,Merged5_normal_seq53_cube_999999_1,Merged5_normal_seq53_cube_999999_1_ILS.json
Merged5_normal,53,cylinder,BLF,5,0.335760537,4.664239463,53,0,0,Merged5_normal_seq53_cylinder_999999_1,Merged5_normal_seq53_cylinder_999999_1_BLF.json
Merged5_normal,53,cylinder,GRASP,5,0.328866306,4.671133694,53,0,1.194610954,Merged5_normal_seq53_cylinder_999999_1,Merged5_normal_seq53_cylinder_999999_1_GRASP.json
Merged5_normal,53,cylinder,GRASP_ILS,5,0.324984012,4.675015988,53,0,0,Merged5_normal_seq53_cylinder_999999_1,Merged5_normal_seq53_cylinder_999999_1_GRASP_ILS.json
Merged5_normal,53,cylinder,ILS,5,0.317747855,4.682252145,53,0,0,Merged5_normal_seq53_cylinder_999999_1,Merged5_normal_seq53_cylinder_999999_1_ILS.json
St_05_Example3_normal,3,cube,BLF,2,0.423219195,1.576780805,3,0,0,St_05_Example3_normal_seq3_cube_999999_1,St_05_Example3_normal_seq3_cube_999999_1_BLF.json
St_05_Example3_normal,3,cube,GRASP,2,0.430975482,1.569024518,3,0,0.302682951,St_05_Example3_normal_seq3_cube_999999_1,St_05_Example3_normal_seq3_cube_999999_1_GRASP.json
St_05_Example3_normal,3,cube,GRASP_ILS,2,0.430975482,1.569024518,3,0,0.302682951,St_05_Example3_normal_seq3_cube_999999_1,St_05_Example3_normal_seq3_cube_999999_1_GRASP_ILS.json
St_05_Example3_normal,3,cube,ILS,2,0.436336612,1.563663388,3,0,1.243952468,St_05_Example3_normal_seq3_cube_999999_1,St_05_Example3_normal_seq3_cube_999999_1_ILS.json
St_05_Example3_normal,3,cylinder,BLF,2,0.369982439,1.630017561,3,0,0,St_05_Example3_normal_seq3_cylinder_999999_1,St_05_Example3_normal_seq3_cylinder_999999_1_BLF.json
St_05_Example3_normal,3,cylinder,GRASP,2,0.400860774,1.599139226,3,50,47.55399293,St_05_Example3_normal_seq3_cylinder_999999_1,St_05_Example3_normal_seq3_cylinder_999999_1_GRASP.json
St_05_Example3_normal,3,cylinder,GRASP_ILS,2,0.341121991,1.658878009,3,50,25.56457266,St_05_Example3_normal_seq3_cylinder_999999_1,St_05_Example3_normal_seq3_cylinder_999999_1_GRASP_ILS.json
St_05_Example3_normal,3,cylinder,ILS,2,0.349132874,1.650867126,3,0,0,St_05_Example3_normal_seq3_cylinder_999999_1,St_05_Example3_normal_seq3_cylinder_999999_1_ILS.json
St_05_Example3_normal,7,cube,BLF,2,0.385900592,1.614099408,7,0,0,St_05_Example3_normal_seq7_cube_999999_1,St_05_Example3_normal_seq7_cube_999999_1_BLF.json
St_05_Example3_normal,7,cube,GRASP,2,0.399519056,1.600480944,7,0,3.52900842,St_05_Example3_normal_seq7_cube_999999_1,St_05_Example3_normal_seq7_cube_999999_1_GRASP.json
St_05_Example3_normal,7,cube,GRASP_ILS,2,0.399519056,1.600480944,7,0,3.52900842,St_05_Example3_normal_seq7_cube_999999_1,St_05_Example3_normal_seq7_cube_999999_1_GRASP_ILS.json
St_05_Example3_normal,7,cube,ILS,2,0.438496103,1.561503897,7,0,9.399862939,St_05_Example3_normal_seq7_cube_999999_1,St_05_Example3_normal_seq7_cube_999999_1_ILS.json
St_05_Example3_normal,7,cylinder,BLF,2,0.355410825,1.644589175,7,0,0,St_05_Example3_normal_seq7_cylinder_999999_1,St_05_Example3_normal_seq7_cylinder_999999_1_BLF.json
St_05_Example3_normal,7,cylinder,GRASP,2,0.402640595,1.597359405,7,0,18.81668588,St_05_Example3_normal_seq7_cylinder_999999_1,St_05_Example3_normal_seq7_cylinder_999999_1_GRASP.json
St_05_Example3_normal,7,cylinder,GRASP_ILS,2,0.381791029,1.618208971,7,0,12.66411144,St_05_Example3_normal_seq7_cylinder_999999_1,St_05_Example3_normal_seq7_cylinder_999999_1_GRASP_ILS.json
St_05_Example3_normal,7,cylinder,ILS,2,0.360941464,1.639058536,7,0,6.130567986,St_05_Example3_normal_seq7_cylinder_999999_1,St_05_Example3_normal_seq7_cylinder_999999_1_ILS.json
St_05_Example3_normal,13,cube,BLF,2,0.373030986,1.626969014,13,0,0,St_05_Example3_normal_seq13_cube_999999_1,St_05_Example3_normal_seq13_cube_999999_1_BLF.json
St_05_Example3_normal,13,cube,GRASP,2,0.407097302,1.592902698,13,0,0,St_05_Example3_normal_seq13_cube_999999_1,St_05_Example3_normal_seq13_cube_999999_1_GRASP.json
St_05_Example3_normal,13,cube,GRASP_ILS,2,0.407097302,1.592902698,13,0,0,St_05_Example3_normal_seq13_cube_999999_1,St_05_Example3_normal_seq13_cube_999999_1_GRASP_ILS.json
St_05_Example3_normal,13,cube,ILS,2,0.418708218,1.581291782,13,0,1.515252135,St_05_Example3_normal_seq13_cube_999999_1,St_05_Example3_normal_seq13_cube_999999_1_ILS.json
St_05_Example3_normal,13,cylinder,BLF,2,0.343889848,1.656110152,13,0,0,St_05_Example3_normal_seq13_cylinder_999999_1,St_05_Example3_normal_seq13_cylinder_999999_1_BLF.json
St_05_Example3_normal,13,cylinder,GRASP,2,0.338976732,1.661023268,13,50,24.77491824,St_05_Example3_normal_seq13_cylinder_999999_1,St_05_Example3_normal_seq13_cylinder_999999_1_GRASP.json
St_05_Example3_normal,13,cylinder,GRASP_ILS,2,0.374575555,1.625424445,13,50,37.87859108,St_05_Example3_normal_seq13_cylinder_999999_1,St_05_Example3_normal_seq13_cylinder_999999_1_GRASP_ILS.json
St_05_Example3_normal,13,cylinder,ILS,2,0.323040283,1.676959717,13,0,0,St_05_Example3_normal_seq13_cylinder_999999_1,St_05_Example3_normal_seq13_cylinder_999999_1_ILS.json
St_05_Example3_normal,19,cube,BLF,2,0.322887997,1.677112003,19,0,0,St_05_Example3_normal_seq19_cube_999999_1,St_05_Example3_normal_seq19_cube_999999_1_BLF.json
St_05_Example3_normal,19,cube,GRASP,2,0.421208028,1.578791972,19,0,15.90434299,St_05_Example3_normal_seq19_cube_999999_1,St_05_Example3_normal_seq19_cube_999999_1_GRASP.json
St_05_Example3_normal,19,cube,GRASP_ILS,2,0.421918642,1.578081358,19,0,16.09988353,St_05_Example3_normal_seq19_cube_999999_1,St_05_Example3_normal_seq19_cube_999999_1_GRASP_ILS.json
St_05_Example3_normal,19,cube,ILS,2,0.415088996,1.584911004,19,0,17.01310101,St_05_Example3_normal_seq19_cube_999999_1,St_05_Example3_normal_seq19_cube_999999_1_ILS.json
St_05_Example3_normal,19,cylinder,BLF,2,0.289165691,1.710834309,19,0,0,St_05_Example3_normal_seq19_cylinder_999999_1,St_05_Example3_normal_seq19_cylinder_999999_1_BLF.json
St_05_Example3_normal,19,cylinder,GRASP,2,0.38763321,1.61236679,19,0,10.65696039,St_05_Example3_normal_seq19_cylinder_999999_1,St_05_Example3_normal_seq19_cylinder_999999_1_GRASP.json
St_05_Example3_normal,19,cylinder,GRASP_ILS,2,0.363235364,1.636764636,19,0,3.692150807,St_05_Example3_normal_seq19_cylinder_999999_1,St_05_Example3_normal_seq19_cylinder_999999_1_GRASP_ILS.json
St_05_Example3_normal,19,cylinder,ILS,2,0.366884914,1.633115086,19,0,1.530531027,St_05_Example3_normal_seq19_cylinder_999999_1,St_05_Example3_normal_seq19_cylinder_999999_1_ILS.json
St_05_Example3_normal,53,cube,BLF,2,0.380980818,1.619019182,53,0,0,St_05_Example3_normal_seq53_cube_999999_1,St_05_Example3_normal_seq53_cube_999999_1_BLF.json
St_05_Example3_normal,53,cube,GRASP,2,0.404572685,1.595427315,53,0,1.125872129,St_05_Example3_normal_seq53_cube_999999_1,St_05_Example3_normal_seq53_cube_999999_1_GRASP.json
St_05_Example3_normal,53,cube,GRASP_ILS,2,0.426863999,1.573136001,53,0,6.697747481,St_05_Example3_normal_seq53_cube_999999_1,St_05_Example3_normal_seq53_cube_999999_1_GRASP_ILS.json
St_05_Example3_normal,53,cube,ILS,2,0.42025994,1.57974006,53,0,14.49513292,St_05_Example3_normal_seq53_cube_999999_1,St_05_Example3_normal_seq53_cube_999999_1_ILS.json
St_05_Example3_normal,53,cylinder,BLF,2,0.34711257,1.65288743,53,0,0,St_05_Example3_normal_seq53_cylinder_999999_1,St_05_Example3_normal_seq53_cylinder_999999_1_BLF.json
St_05_Example3_normal,53,cylinder,GRASP,2,0.340834377,1.659165623,53,50,22.3173492,St_05_Example3_normal_seq53_cylinder_999999_1,St_05_Example3_normal_seq53_cylinder_999999_1_GRASP.json
St_05_Example3_normal,53,cylinder,GRASP_ILS,2,0.332876425,1.667123575,53,50,19.46142934,St_05_Example3_normal_seq53_cylinder_999999_1,St_05_Example3_normal_seq53_cylinder_999999_1_GRASP_ILS.json
St_05_Example3_normal,53,cylinder,ILS,2,0.331793644,1.668206356,53,0,9.759324939,St_05_Example3_normal_seq53_cylinder_999999_1,St_05_Example3_normal_seq53_cylinder_999999_1_ILS.json
chess,3,cube,BLF,3,0.281805189,2.718194811,3,0,0,chess_seq3_cube_999999_1,chess_seq3_cube_999999_1_BLF.json
chess,3,cube,GRASP,3,0.328201872,2.671798128,3,0,12.29798054,chess_seq3_cube_999999_1,chess_seq3_cube_999999_1_GRASP.json
chess,3,cube,ILS,3,0.315418299,2.684581701,3,0,2.26716761,chess_seq3_cube_999999_1,chess_seq3_cube_999999_1_ILS.json
chess,3,cylinder,BLF,3,0.274200498,2.725799502,3,0,0,chess_seq3_cylinder_999999_1,chess_seq3_cylinder_999999_1_BLF.json
chess,3,cylinder,GRASP,3,0.289367524,2.710632476,3,0,10.35849268,chess_seq3_cylinder_999999_1,chess_seq3_cylinder_999999_1_GRASP.json
chess,3,cylinder,GRASP_ILS,3,0.307921622,2.692078378,3,0,17.43462271,chess_seq3_cylinder_999999_1,chess_seq3_cylinder_999999_1_GRASP_ILS.json
chess,3,cylinder,ILS,3,0.29536435,2.70463565,3,0,12.6455517,chess_seq3_cylinder_999999_1,chess_seq3_cylinder_999999_1_ILS.json
chess,7,cube,BLF,3,0.285179027,2.714820973,7,0,0,chess_seq7_cube_999999_1,chess_seq7_cube_999999_1_BLF.json
chess,7,cube,GRASP,3,0.313359831,2.686640169,7,0,22.14589322,chess_seq7_cube_999999_1,chess_seq7_cube_999999_1_GRASP.json
chess,7,cube,GRASP_ILS,3,0.316141468,2.683858532,7,0,23.2301597,chess_seq7_cube_999999_1,chess_seq7_cube_999999_1_GRASP_ILS.json
chess,7,cube,ILS,3,0.316141468,2.683858532,7,0,8.595599022,chess_seq7_cube_999999_1,chess_seq7_cube_999999_1_ILS.json
chess,7,cylinder,BLF,3,0.254575253,2.745424747,7,0,0,chess_seq7_cylinder_999999_1,chess_seq7_cylinder_999999_1_BLF.json
chess,7,cylinder,GRASP,3,0.300036264,2.699963736,7,0,31.19240338,chess_seq7_cylinder_999999_1,chess_seq7_cylinder_999999_1_GRASP.json
chess,7,cylinder,GRASP_ILS,3,0.30217856,2.69782144,7,0,32.12913323,chess_seq7_cylinder_999999_1,chess_seq7_cylinder_999999_1_GRASP_ILS.json
chess,7,cylinder,ILS,3,0.287436253,2.712563747,7,0,1.051781455,chess_seq7_cylinder_999999_1,chess_seq7_cylinder_999999_1_ILS.json
chess,13,cube,BLF,3,0.25198729,2.74801271,13,0,0,chess_seq13_cube_999999_1,chess_seq13_cube_999999_1_BLF.json
chess,13,cube,GRASP,3,0.303178526,2.696821474,13,0,5.130863174,chess_seq13_cube_999999_1,chess_seq13_cube_999999_1_GRASP.json
chess,13,cube,GRASP_ILS,3,0.304547991,2.695452009,13,0,5.605741986,chess_seq13_cube_999999_1,chess_seq13_cube_999999_1_GRASP_ILS.json
chess,13,cube,GRASP_ILS,3,0.282949731,2.717050269,13,0,5.517922365,chess_seq13_cube_999999_1,chess_seq3_cube_999999_1_GRASP_ILS.json
chess,13,cube,ILS,3,0.319344479,2.680655521,13,0,10.73660516,chess_seq13_cube_999999_1,chess_seq13_cube_999999_1_ILS.json
chess,13,cylinder,BLF,3,0.251583518,2.748416482,13,0,0,chess_seq13_cylinder_999999_1,chess_seq13_cylinder_999999_1_BLF.json
chess,13,cylinder,GRASP,3,0.270562335,2.729437665,13,0,14.4430886,chess_seq13_cylinder_999999_1,chess_seq13_cylinder_999999_1_GRASP.json
chess,13,cylinder,GRASP_ILS,3,0.284444518,2.715555482,13,0,20.31500689,chess_seq13_cylinder_999999_1,chess_seq13_cylinder_999999_1_GRASP_ILS.json
chess,13,cylinder,ILS,3,0.284444518,2.715555482,13,0,15.82244749,chess_seq13_cylinder_999999_1,chess_seq13_cylinder_999999_1_ILS.json
chess,19,cube,BLF,3,0.265550975,2.734449025,19,0,0,chess_seq19_cube_999999_1,chess_seq19_cube_999999_1_BLF.json
chess,19,cube,GRASP,3,0.307284074,2.692715926,19,0,12.69617517,chess_seq19_cube_999999_1,chess_seq19_cube_999999_1_GRASP.json
chess,19,cube,GRASP_ILS,3,0.310020158,2.689979842,19,0,13.6996314,chess_seq19_cube_999999_1,chess_seq19_cube_999999_1_GRASP_ILS.json
chess,19,cube,ILS,3,0.319344479,2.680655521,19,0,14.73404255,chess_seq19_cube_999999_1,chess_seq19_cube_999999_1_ILS.json
chess,19,cylinder,BLF,3,0.255138874,2.744861126,19,0,0,chess_seq19_cylinder_999999_1,chess_seq19_cylinder_999999_1_BLF.json
chess,19,cylinder,GRASP,3,0.288296376,2.711703624,19,0,12.99586452,chess_seq19_cylinder_999999_1,chess_seq19_cylinder_999999_1_GRASP.json
chess,19,cylinder,GRASP_ILS,3,0.288296376,2.711703624,19,0,12.99586452,chess_seq19_cylinder_999999_1,chess_seq19_cylinder_999999_1_GRASP_ILS.json
chess,19,cylinder,ILS,3,0.288296376,2.711703624,19,0,5.553056235,chess_seq19_cylinder_999999_1,chess_seq19_cylinder_999999_1_ILS.json
chess,53,cube,BLF,3,0.268605936,2.731394064,53,0,0,chess_seq53_cube_999999_1,chess_seq53_cube_999999_1_BLF.json
chess,53,cube,GRASP,3,0.308610833,2.691389167,53,0,14.89352681,chess_seq53_cube_999999_1,chess_seq53_cube_999999_1_GRASP.json
chess,53,cube,GRASP_ILS,3,0.307736767,2.692263233,53,0,14.56811846,chess_seq53_cube_999999_1,chess_seq53_cube_999999_1_GRASP_ILS.json
chess,53,cube,ILS,3,0.305000683,2.694999317,53,0,13.54949493,chess_seq53_cube_999999_1,chess_seq53_cube_999999_1_ILS.json
chess,53,cylinder,BLF,3,0.252008237,2.747991763,53,0,0,chess_seq53_cylinder_999999_1,chess_seq53_cylinder_999999_1_BLF.json
chess,53,cylinder,GRASP,3,0.285729361,2.714270639,53,0,13.12794805,chess_seq53_cylinder_999999_1,chess_seq53_cylinder_999999_1_GRASP.json
chess,53,cylinder,GRASP_ILS,3,0.29493963,2.70506037,53,0,16.77454153,chess_seq53_cylinder_999999_1,chess_seq53_cylinder_999999_1_GRASP_ILS.json
chess,53,cylinder,ILS,3,0.283624462,2.716375538,53,0,7.203868988,chess_seq53_cylinder_999999_1,chess_seq53_cylinder_999999_1_ILS.json
engine,3,cube,BLF,2,0.280964585,1.719035415,3,0,0,engine_seq3_cube_999999_1,engine_seq3_cube_999999_1_BLF.json
engine,3,cube,GRASP,2,0.322890773,1.677109227,3,0,11.70695267,engine_seq3_cube_999999_1,engine_seq3_cube_999999_1_GRASP.json
engine,3,cube,GRASP_ILS,2,0.338540475,1.661459525,3,0,17.12110702,engine_seq3_cube_999999_1,engine_seq3_cube_999999_1_GRASP_ILS.json
engine,3,cube,ILS,2,0.305886375,1.694113625,3,0,8.870082342,engine_seq3_cube_999999_1,engine_seq3_cube_999999_1_ILS.json
engine,3,cylinder,BLF,2,0.240278784,1.759721216,3,0,0,engine_seq3_cylinder_999999_1,engine_seq3_cylinder_999999_1_BLF.json
engine,3,cylinder,GRASP,2,0.276789117,1.723210883,3,0,14.37741437,engine_seq3_cylinder_999999_1,engine_seq3_cylinder_999999_1_GRASP.json
engine,3,cylinder,GRASP_ILS,2,0.252445559,1.747554441,3,0,4.317939301,engine_seq3_cylinder_999999_1,engine_seq3_cylinder_999999_1_GRASP_ILS.json
engine,3,cylinder,ILS,2,0.266646134,1.733353866,3,0,0,engine_seq3_cylinder_999999_1,engine_seq3_cylinder_999999_1_ILS.json
engine,7,cube,BLF,2,0.245189799,1.754810201,7,0,0,engine_seq7_cube_999999_1,engine_seq7_cube_999999_1_BLF.json
engine,7,cube,GRASP,2,0.29980952,1.70019048,7,0,0,engine_seq7_cube_999999_1,engine_seq7_cube_999999_1_GRASP.json
engine,7,cube,GRASP_ILS,2,0.29980952,1.70019048,7,0,0,engine_seq7_cube_999999_1,engine_seq7_cube_999999_1_GRASP_ILS.json
engine,7,cube,ILS,2,0.312461923,1.687538077,7,0,7.929108619,engine_seq7_cube_999999_1,engine_seq7_cube_999999_1_ILS.json
engine,7,cylinder,BLF,3,0.168319059,2.831680941,7,0,0,engine_seq7_cylinder_999999_1,engine_seq7_cylinder_999999_1_BLF.json
engine,7,cylinder,GRASP,2,0.277337602,1.722662398,7,0,20.40777307,engine_seq7_cylinder_999999_1,engine_seq7_cylinder_999999_1_GRASP.json
engine,7,cylinder,GRASP_ILS,2,0.268333629,1.731666371,7,0,16.49864423,engine_seq7_cylinder_999999_1,engine_seq7_cylinder_999999_1_GRASP_ILS.json
engine,7,cylinder,ILS,2,0.233468753,1.766531247,7,0,0,engine_seq7_cylinder_999999_1,engine_seq7_cylinder_999999_1_ILS.json
engine,13,cube,BLF,2,0.284884722,1.715115278,13,0,0,engine_seq13_cube_999999_1,engine_seq13_cube_999999_1_BLF.json
engine,13,cube,GRASP,2,0.331695016,1.668304984,13,50,53.61218088,engine_seq13_cube_999999_1,engine_seq13_cube_999999_1_GRASP.json
engine,13,cube,GRASP_ILS,2,0.291863852,1.708136148,13,50,35.16586211,engine_seq13_cube_999999_1,engine_seq13_cube_999999_1_GRASP_ILS.json
engine,13,cube,ILS,2,0.305282288,1.694717712,13,0,6.064124319,engine_seq13_cube_999999_1,engine_seq13_cube_999999_1_ILS.json
engine,13,cylinder,BLF,2,0.218397407,1.781602593,13,0,0,engine_seq13_cylinder_999999_1,engine_seq13_cylinder_999999_1_BLF.json
engine,13,cylinder,GRASP,2,0.256106801,1.743893199,13,0,8.77309324,engine_seq13_cylinder_999999_1,engine_seq13_cylinder_999999_1_GRASP.json
engine,13,cylinder,GRASP_ILS,2,0.238977632,1.761022368,13,0,1.498031814,engine_seq13_cylinder_999999_1,engine_seq13_cylinder_999999_1_GRASP_ILS.json
engine,13,cylinder,ILS,2,0.253778739,1.746221261,13,0,6.193511639,engine_seq13_cylinder_999999_1,engine_seq13_cylinder_999999_1_ILS.json
engine,19,cube,BLF,3,0.198456623,2.801543377,19,0,0,engine_seq19_cube_999999_1,engine_seq19_cube_999999_1_BLF.json
engine,19,cube,GRASP,2,0.305760417,1.694239583,19,0,15.79408501,engine_seq19_cube_999999_1,engine_seq19_cube_999999_1_GRASP.json
engine,19,cube,GRASP_ILS,2,0.29229828,1.70770172,19,0,10.69585873,engine_seq19_cube_999999_1,engine_seq19_cube_999999_1_GRASP_ILS.json
engine,19,cube,ILS,2,0.290542573,1.709457427,19,0,9.17432965,engine_seq19_cube_999999_1,engine_seq19_cube_999999_1_ILS.json
engine,19,cylinder,BLF,3,0.154542859,2.845457141,19,0,0,engine_seq19_cylinder_999999_1,engine_seq19_cylinder_999999_1_BLF.json
engine,19,cylinder,GRASP,2,0.27547195,1.72452805,19,0,15.69451684,engine_seq19_cylinder_999999_1,engine_seq19_cylinder_999999_1_GRASP.json
engine,19,cylinder,GRASP_ILS,2,0.248245839,1.751754161,19,0,4.259916265,engine_seq19_cylinder_999999_1,engine_seq19_cylinder_999999_1_GRASP_ILS.json
engine,19,cylinder,ILS,2,0.238102857,1.761897143,19,0,0,engine_seq19_cylinder_999999_1,engine_seq19_cylinder_999999_1_ILS.json
engine,53,cube,BLF,3,0.215386474,2.784613526,53,0,0,engine_seq53_cube_999999_1,engine_seq53_cube_999999_1_BLF.json
engine,53,cube,GRASP,2,0.25836146,1.74163854,53,50,29.61704378,engine_seq53_cube_999999_1,engine_seq53_cube_999999_1_GRASP.json
engine,53,cube,GRASP_ILS,2,0.270582005,1.729417995,53,50,35.74795432,engine_seq53_cube_999999_1,engine_seq53_cube_999999_1_GRASP_ILS.json
engine,53,cube,ILS,2,0.270582005,1.729417995,53,0,0,engine_seq53_cube_999999_1,engine_seq53_cube_999999_1_ILS.json
engine,53,cylinder,BLF,3,0.167726534,2.832273466,53,0,0,engine_seq53_cylinder_999999_1,engine_seq53_cylinder_999999_1_BLF.json
engine,53,cylinder,GRASP,2,0.237075948,1.762924052,53,0,0,engine_seq53_cylinder_999999_1,engine_seq53_cylinder_999999_1_GRASP.json
engine,53,cylinder,GRASP_ILS,2,0.237075948,1.762924052,53,0,0,engine_seq53_cylinder_999999_1,engine_seq53_cylinder_999999_1_GRASP_ILS.json
engine,53,cylinder,ILS,2,0.237075948,1.762924052,53,0,12.51365653,engine_seq53_cylinder_999999_1,engine_seq53_cylinder_999999_1_ILS.json
liu,3,cube,BLF,9,0.223125329,8.776874671,3,0,0,liu_seq3_cube_999999_1,liu_seq3_cube_999999_1_BLF.json
liu,3,cube,GRASP,9,0.216326467,8.783673533,3,0,0,liu_seq3_cube_999999_1,liu_seq3_cube_999999_1_GRASP.json
liu,3,cube,GRASP_ILS,8,0.239035278,7.760964722,3,12.5,10.49747235,liu_seq3_cube_999999_1,liu_seq3_cube_999999_1_GRASP_ILS.json
liu,3,cube,ILS,9,0.223125329,8.776874671,3,0,3.815352066,liu_seq3_cube_999999_1,liu_seq3_cube_999999_1_ILS.json
liu,3,cylinder,BLF,5,0.182380668,4.817619332,3,0,0,liu_seq3_cylinder_999999_1,liu_seq3_cylinder_999999_1_BLF.json
liu,3,cylinder,GRASP,5,0.196936627,4.803063373,3,0,7.981087015,liu_seq3_cylinder_999999_1,liu_seq3_cylinder_999999_1_GRASP.json
liu,3,cylinder,GRASP_ILS,5,0.196936627,4.803063373,3,0,7.981087015,liu_seq3_cylinder_999999_1,liu_seq3_cylinder_999999_1_GRASP_ILS.json
liu,3,cylinder,ILS,5,0.198692325,4.801307675,3,0,0.891503872,liu_seq3_cylinder_999999_1,liu_seq3_cylinder_999999_1_ILS.json
liu,7,cube,BLF,8,0.247230248,7.752769752,7,0,0,liu_seq7_cube_999999_1,liu_seq7_cube_999999_1_BLF.json
liu,7,cube,GRASP,8,0.240636752,7.759363248,7,12.5,7.916841133,liu_seq7_cube_999999_1,liu_seq7_cube_999999_1_GRASP.json
liu,7,cube,GRASP_ILS,8,0.240636752,7.759363248,7,12.5,7.916841133,liu_seq7_cube_999999_1,liu_seq7_cube_999999_1_GRASP_ILS.json
liu,7,cube,ILS,8,0.247230248,7.752769752,7,12.5,10.111776,liu_seq7_cube_999999_1,liu_seq7_cube_999999_1_ILS.json
liu,7,cylinder,BLF,5,0.177776589,4.822223411,7,0,0,liu_seq7_cylinder_999999_1,liu_seq7_cylinder_999999_1_BLF.json
liu,7,cylinder,GRASP,5,0.204320496,4.795679504,7,0,7.938837511,liu_seq7_cylinder_999999_1,liu_seq7_cylinder_999999_1_GRASP.json
liu,7,cylinder,GRASP_ILS,5,0.19680667,4.80319333,7,0,3.969418756,liu_seq7_cylinder_999999_1,liu_seq7_cylinder_999999_1_GRASP_ILS.json
liu,7,cylinder,ILS,5,0.198220633,4.801779367,7,0,3.754067416,liu_seq7_cylinder_999999_1,liu_seq7_cylinder_999999_1_ILS.json
liu,13,cube,BLF,9,0.224526619,8.775473381,13,0,0,liu_seq13_cube_999999_1,liu_seq13_cube_999999_1_BLF.json
liu,13,cube,GRASP,8,0.25660185,7.74339815,13,12.5,15.07660791,liu_seq13_cube_999999_1,liu_seq13_cube_999999_1_GRASP.json
liu,13,cube,GRASP_ILS,8,0.247818564,7.752181436,13,12.5,11.13762312,liu_seq13_cube_999999_1,liu_seq13_cube_999999_1_GRASP_ILS.json
liu,13,cube,ILS,8,0.240636752,7.759363248,13,12.5,7.916841133,liu_seq13_cube_999999_1,liu_seq13_cube_999999_1_ILS.json
liu,13,cylinder,BLF,5,0.191520234,4.808479766,13,0,0,liu_seq13_cylinder_999999_1,liu_seq13_cylinder_999999_1_BLF.json
liu,13,cylinder,GRASP,4,0.228557232,3.771442768,13,25,25.17343279,liu_seq13_cylinder_999999_1,liu_seq13_cylinder_999999_1_GRASP.json
liu,13,cylinder,GRASP_ILS,4,0.228557232,3.771442768,13,25,25.17343279,liu_seq13_cylinder_999999_1,liu_seq13_cylinder_999999_1_GRASP_ILS.json
liu,13,cylinder,ILS,5,0.204450453,4.795549547,13,0,0.063604475,liu_seq13_cylinder_999999_1,liu_seq13_cylinder_999999_1_ILS.json
liu,19,cube,BLF,8,0.255000376,7.744999624,19,0,0,liu_seq19_cube_999999_1,liu_seq19_cube_999999_1_BLF.json
liu,19,cube,GRASP,7,0.269122972,6.730877028,19,28.57142857,20.61515931,liu_seq19_cube_999999_1,liu_seq19_cube_999999_1_GRASP.json
liu,19,cube,GRASP_ILS,8,0.255000376,7.744999624,19,12.5,14.28571429,liu_seq19_cube_999999_1,liu_seq19_cube_999999_1_GRASP_ILS.json
liu,19,cube,ILS,8,0.255000376,7.744999624,19,12.5,14.28571429,liu_seq19_cube_999999_1,liu_seq19_cube_999999_1_ILS.json
liu,19,cylinder,BLF,5,0.183664674,4.816335326,19,0,0,liu_seq19_cylinder_999999_1,liu_seq19_cylinder_999999_1_BLF.json
liu,19,cylinder,GRASP,4,0.227645939,3.772354061,19,25,23.94650255,liu_seq19_cylinder_999999_1,liu_seq19_cylinder_999999_1_GRASP.json
liu,19,cylinder,GRASP_ILS,5,0.191390277,4.808609723,19,0,4.206363234,liu_seq19_cylinder_999999_1,liu_seq19_cylinder_999999_1_GRASP_ILS.json
liu,19,cylinder,ILS,4,0.227190293,3.772809707,19,0,0,liu_seq19_cylinder_999999_1,liu_seq19_cylinder_999999_1_ILS.json
liu,53,cube,BLF,8,0.255000376,7.744999624,53,0,0,liu_seq53_cube_999999_1,liu_seq53_cube_999999_1_BLF.json
liu,53,cube,GRASP,8,0.245628774,7.754371226,53,12.5,10.15558185,liu_seq53_cube_999999_1,liu_seq53_cube_999999_1_GRASP.json
liu,53,cube,GRASP_ILS,8,0.255000376,7.744999624,53,12.5,14.35840511,liu_seq53_cube_999999_1,liu_seq53_cube_999999_1_GRASP_ILS.json
liu,53,cube,ILS,8,0.254838288,7.745161712,53,12.5,14.21306966,liu_seq53_cube_999999_1,liu_seq53_cube_999999_1_ILS.json
liu,53,cylinder,BLF,5,0.190236228,4.809763772,53,0,0,liu_seq53_cylinder_999999_1,liu_seq53_cylinder_999999_1_BLF.json
liu,53,cylinder,GRASP,4,0.226562853,3.773437147,53,25,10.88601378,liu_seq53_cylinder_999999_1,liu_seq53_cylinder_999999_1_GRASP.json
liu,53,cylinder,GRASP_ILS,4,0.225760655,3.774239345,53,25,10.49339625,liu_seq53_cylinder_999999_1,liu_seq53_cylinder_999999_1_GRASP_ILS.json
liu,53,cylinder,ILS,5,0.204450453,4.795549547,53,0,3.635518364,liu_seq53_cylinder_999999_1,liu_seq53_cylinder_999999_1_ILS.json
shapesnew,3,cube,BLF,9,0.26184082,8.73815918,3,0,0,shapesnew_seq3_cube_999999_1,shapesnew_seq3_cube_999999_1_BLF.json
shapesnew,3,cube,GRASP,8,0.299246652,7.700753348,3,12.5,13.91396707,shapesnew_seq3_cube_999999_1,shapesnew_seq3_cube_999999_1_GRASP.json
shapesnew,3,cube,GRASP_ILS,8,0.299246652,7.700753348,3,12.5,13.91396707,shapesnew_seq3_cube_999999_1,shapesnew_seq3_cube_999999_1_GRASP_ILS.json
shapesnew,3,cube,ILS,7,0.317871094,6.682128906,3,28.57142857,21.3986014,shapesnew_seq3_cube_999999_1,shapesnew_seq3_cube_999999_1_ILS.json
shapesnew,3,cylinder,BLF,7,0.246888554,6.753111446,3,0,0,shapesnew_seq3_cylinder_999999_1,shapesnew_seq3_cylinder_999999_1_BLF.json
shapesnew,3,cylinder,GRASP,6,0.302948963,5.697051037,3,16.66666667,14.12587413,shapesnew_seq3_cylinder_999999_1,shapesnew_seq3_cylinder_999999_1_GRASP.json
shapesnew,3,cylinder,GRASP_ILS,6,0.295226735,5.704773265,3,16.66666667,11.21678322,shapesnew_seq3_cylinder_999999_1,shapesnew_seq3_cylinder_999999_1_GRASP_ILS.json
shapesnew,3,cylinder,ILS,7,0.265451604,6.734548396,3,0,0,shapesnew_seq3_cylinder_999999_1,shapesnew_seq3_cylinder_999999_1_ILS.json
shapesnew,7,cube,BLF,9,0.249023438,8.750976563,7,0,0,shapesnew_seq7_cube_999999_1,shapesnew_seq7_cube_999999_1_BLF.json
shapesnew,7,cube,GRASP,8,0.299246652,7.700753348,7,0,5.147058824,shapesnew_seq7_cube_999999_1,shapesnew_seq7_cube_999999_1_GRASP.json
shapesnew,7,cube,GRASP_ILS,8,0.299246652,7.700753348,7,0,5.147058824,shapesnew_seq7_cube_999999_1,shapesnew_seq7_cube_999999_1_GRASP_ILS.json
shapesnew,7,cube,ILS,8,0.299246652,7.700753348,7,0,5.147058824,shapesnew_seq7_cube_999999_1,shapesnew_seq7_cube_999999_1_ILS.json
shapesnew,7,cylinder,BLF,7,0.264585328,6.735414672,7,0,0,shapesnew_seq7_cylinder_999999_1,shapesnew_seq7_cylinder_999999_1_BLF.json
shapesnew,7,cylinder,GRASP,6,0.301909432,5.698090568,7,16.66666667,20.41461007,shapesnew_seq7_cylinder_999999_1,shapesnew_seq7_cylinder_999999_1_GRASP.json
shapesnew,7,cylinder,GRASP_ILS,6,0.301909432,5.698090568,7,16.66666667,20.41461007,shapesnew_seq7_cylinder_999999_1,shapesnew_seq7_cylinder_999999_1_GRASP_ILS.json
shapesnew,7,cylinder,ILS,6,0.301909432,5.698090568,7,16.66666667,17.45787193,shapesnew_seq7_cylinder_999999_1,shapesnew_seq7_cylinder_999999_1_ILS.json
shapesnew,13,cube,BLF,9,0.270019531,8.729980469,13,0,0,shapesnew_seq13_cube_999999_1,shapesnew_seq13_cube_999999_1_BLF.json
shapesnew,13,cube,GRASP,7,0.327473958,6.672526042,13,14.28571429,15.86048042,shapesnew_seq13_cube_999999_1,shapesnew_seq13_cube_999999_1_GRASP.json
shapesnew,13,cube,GRASP_ILS,7,0.33203125,6.66796875,13,14.28571429,17.47285291,shapesnew_seq13_cube_999999_1,shapesnew_seq13_cube_999999_1_GRASP_ILS.json
shapesnew,13,cube,ILS,7,0.33203125,6.66796875,13,14.28571429,15.25423729,shapesnew_seq13_cube_999999_1,shapesnew_seq13_cube_999999_1_ILS.json
shapesnew,13,cylinder,BLF,7,0.251591194,6.748408806,13,0,0,shapesnew_seq13_cylinder_999999_1,shapesnew_seq13_cylinder_999999_1_BLF.json
shapesnew,13,cylinder,GRASP,6,0.291068611,5.708931389,13,16.66666667,15.7480315,shapesnew_seq13_cylinder_999999_1,shapesnew_seq13_cylinder_999999_1_GRASP.json
shapesnew,13,cylinder,GRASP_ILS,6,0.30621606,5.69378394,13,16.66666667,21.77165354,shapesnew_seq13_cylinder_999999_1,shapesnew_seq13_cylinder_999999_1_GRASP_ILS.json
shapesnew,13,cylinder,ILS,6,0.302948963,5.697051037,13,16.66666667,11.42467,shapesnew_seq13_cylinder_999999_1,shapesnew_seq13_cylinder_999999_1_ILS.json
shapesnew,19,cube,BLF,9,0.260131836,8.739868164,19,0,0,shapesnew_seq19_cube_999999_1,shapesnew_seq19_cube_999999_1_BLF.json
shapesnew,19,cube,GRASP,8,0.299246652,7.700753348,19,12.5,14.28571429,shapesnew_seq19_cube_999999_1,shapesnew_seq19_cube_999999_1_GRASP.json
shapesnew,19,cube,GRASP_ILS,8,0.299246652,7.700753348,19,12.5,14.28571429,shapesnew_seq19_cube_999999_1,shapesnew_seq19_cube_999999_1_GRASP_ILS.json
shapesnew,19,cube,ILS,8,0.299246652,7.700753348,19,0,5.147058824,shapesnew_seq19_cube_999999_1,shapesnew_seq19_cube_999999_1_ILS.json
shapesnew,19,cylinder,BLF,7,0.271886794,6.728113206,19,0,0,shapesnew_seq19_cylinder_999999_1,shapesnew_seq19_cylinder_999999_1_BLF.json
shapesnew,19,cylinder,GRASP,6,0.301909432,5.698090568,19,16.66666667,17.00719424,shapesnew_seq19_cylinder_999999_1,shapesnew_seq19_cylinder_999999_1_GRASP.json
shapesnew,19,cylinder,GRASP_ILS,6,0.301909432,5.698090568,19,16.66666667,17.00719424,shapesnew_seq19_cylinder_999999_1,shapesnew_seq19_cylinder_999999_1_GRASP_ILS.json
shapesnew,19,cylinder,ILS,6,0.302948963,5.697051037,19,16.66666667,21.36836886,shapesnew_seq19_cylinder_999999_1,shapesnew_seq19_cylinder_999999_1_ILS.json
shapesnew,53,cube,BLF,9,0.257202148,8.742797852,53,0,0,shapesnew_seq53_cube_999999_1,shapesnew_seq53_cube_999999_1_BLF.json
shapesnew,53,cube,GRASP,7,0.339355469,6.660644531,53,28.57142857,25.67811935,shapesnew_seq53_cube_999999_1,shapesnew_seq53_cube_999999_1_GRASP.json
shapesnew,53,cube,GRASP_ILS,7,0.327636719,6.672363281,53,28.57142857,21.33815552,shapesnew_seq53_cube_999999_1,shapesnew_seq53_cube_999999_1_GRASP_ILS.json
shapesnew,53,cube,ILS,7,0.322428385,6.677571615,53,14.28571429,14.07535373,shapesnew_seq53_cube_999999_1,shapesnew_seq53_cube_999999_1_ILS.json
shapesnew,53,cylinder,BLF,7,0.264585328,6.735414672,53,0,0,shapesnew_seq53_cylinder_999999_1,shapesnew_seq53_cylinder_999999_1_BLF.json
shapesnew,53,cylinder,GRASP,6,0.305176529,5.694823471,53,16.66666667,11.48282098,shapesnew_seq53_cylinder_999999_1,shapesnew_seq53_cylinder_999999_1_GRASP.json
shapesnew,53,cylinder,GRASP_ILS,6,0.303097467,5.696902533,53,16.66666667,10.72332731,shapesnew_seq53_cylinder_999999_1,shapesnew_seq53_cylinder_999999_1_GRASP_ILS.json
shapesnew,53,cylinder,ILS,6,0.302948963,5.697051037,53,16.66666667,14.12587413,shapesnew_seq53_cylinder_999999_1,shapesnew_seq53_cylinder_999999_1_ILS.json
st04_Example2_normal,3,cube,BLF,2,0.186417266,1.813582734,3,0,0,st04_Example2_normal_seq3_cube_999999_1,st04_Example2_normal_seq3_cube_999999_1_BLF.json
st04_Example2_normal,3,cube,GRASP,1,0.214771953,0.785228047,3,100,2.671464174,st04_Example2_normal_seq3_cube_999999_1,st04_Example2_normal_seq3_cube_999999_1_GRASP.json
st04_Example2_normal,3,cube,GRASP_ILS,1,0.214771953,0.785228047,3,100,2.671464174,st04_Example2_normal_seq3_cube_999999_1,st04_Example2_normal_seq3_cube_999999_1_GRASP_ILS.json
st04_Example2_normal,3,cube,ILS,1,0.214771953,0.785228047,3,100,2.671464174,st04_Example2_normal_seq3_cube_999999_1,st04_Example2_normal_seq3_cube_999999_1_ILS.json
st04_Example2_normal,3,cylinder,BLF,1,0.152004105,0.847995895,3,0,0,st04_Example2_normal_seq3_cylinder_999999_1,st04_Example2_normal_seq3_cylinder_999999_1_BLF.json
st04_Example2_normal,3,cylinder,GRASP,1,0.152004105,0.847995895,3,0,0,st04_Example2_normal_seq3_cylinder_999999_1,st04_Example2_normal_seq3_cylinder_999999_1_GRASP.json
st04_Example2_normal,3,cylinder,GRASP_ILS,1,0.152004105,0.847995895,3,0,0,st04_Example2_normal_seq3_cylinder_999999_1,st04_Example2_normal_seq3_cylinder_999999_1_GRASP_ILS.json
st04_Example2_normal,3,cylinder,ILS,1,0.152004105,0.847995895,3,0,0,st04_Example2_normal_seq3_cylinder_999999_1,st04_Example2_normal_seq3_cylinder_999999_1_ILS.json
st04_Example2_normal,7,cube,BLF,1,0.214771953,0.785228047,7,0,0,st04_Example2_normal_seq7_cube_999999_1,st04_Example2_normal_seq7_cube_999999_1_BLF.json
st04_Example2_normal,7,cube,GRASP,1,0.214771953,0.785228047,7,0,0,st04_Example2_normal_seq7_cube_999999_1,st04_Example2_normal_seq7_cube_999999_1_GRASP.json
st04_Example2_normal,7,cube,GRASP_ILS,1,0.214771953,0.785228047,7,0,0,st04_Example2_normal_seq7_cube_999999_1,st04_Example2_normal_seq7_cube_999999_1_GRASP_ILS.json
st04_Example2_normal,7,cube,ILS,1,0.214771953,0.785228047,7,0,0,st04_Example2_normal_seq7_cube_999999_1,st04_Example2_normal_seq7_cube_999999_1_ILS.json
st04_Example2_normal,7,cylinder,BLF,1,0.152004105,0.847995895,7,0,0,st04_Example2_normal_seq7_cylinder_999999_1,st04_Example2_normal_seq7_cylinder_999999_1_BLF.json
st04_Example2_normal,7,cylinder,GRASP,1,0.152004105,0.847995895,7,100,8.537952257,st04_Example2_normal_seq7_cylinder_999999_1,st04_Example2_normal_seq7_cylinder_999999_1_GRASP.json
st04_Example2_normal,7,cylinder,GRASP_ILS,1,0.152004105,0.847995895,7,100,8.537952257,st04_Example2_normal_seq7_cylinder_999999_1,st04_Example2_normal_seq7_cylinder_999999_1_GRASP_ILS.json
st04_Example2_normal,7,cylinder,ILS,1,0.152004105,0.847995895,7,0,0,st04_Example2_normal_seq7_cylinder_999999_1,st04_Example2_normal_seq7_cylinder_999999_1_ILS.json
st04_Example2_normal,13,cube,BLF,2,0.197877285,1.802122715,13,0,0,st04_Example2_normal_seq13_cube_999999_1,st04_Example2_normal_seq13_cube_999999_1_BLF.json
st04_Example2_normal,13,cube,GRASP,1,0.214771953,0.785228047,13,0,0,st04_Example2_normal_seq13_cube_999999_1,st04_Example2_normal_seq13_cube_999999_1_GRASP.json
st04_Example2_normal,13,cube,GRASP_ILS,1,0.214771953,0.785228047,13,0,0,st04_Example2_normal_seq13_cube_999999_1,st04_Example2_normal_seq13_cube_999999_1_GRASP_ILS.json
st04_Example2_normal,13,cube,ILS,2,0.197877285,1.802122715,13,0,0,st04_Example2_normal_seq13_cube_999999_1,st04_Example2_normal_seq13_cube_999999_1_ILS.json
st04_Example2_normal,13,cylinder,BLF,1,0.152004105,0.847995895,13,0,0,st04_Example2_normal_seq13_cylinder_999999_1,st04_Example2_normal_seq13_cylinder_999999_1_BLF.json
st04_Example2_normal,13,cylinder,GRASP,1,0.152004105,0.847995895,13,0,0,st04_Example2_normal_seq13_cylinder_999999_1,st04_Example2_normal_seq13_cylinder_999999_1_GRASP.json
st04_Example2_normal,13,cylinder,GRASP_ILS,1,0.152004105,0.847995895,13,0,0,st04_Example2_normal_seq13_cylinder_999999_1,st04_Example2_normal_seq13_cylinder_999999_1_GRASP_ILS.json
st04_Example2_normal,13,cylinder,ILS,1,0.152004105,0.847995895,13,0,0,st04_Example2_normal_seq13_cylinder_999999_1,st04_Example2_normal_seq13_cylinder_999999_1_ILS.json
st04_Example2_normal,19,cube,BLF,2,0.20193646,1.79806354,19,0,0,st04_Example2_normal_seq19_cube_999999_1,st04_Example2_normal_seq19_cube_999999_1_BLF.json
st04_Example2_normal,19,cube,GRASP,1,0.214771953,0.785228047,19,100,24.53958101,st04_Example2_normal_seq19_cube_999999_1,st04_Example2_normal_seq19_cube_999999_1_GRASP.json
st04_Example2_normal,19,cube,GRASP_ILS,1,0.214771953,0.785228047,19,100,24.53958101,st04_Example2_normal_seq19_cube_999999_1,st04_Example2_normal_seq19_cube_999999_1_GRASP_ILS.json
st04_Example2_normal,19,cube,ILS,1,0.214771953,0.785228047,19,0,0,st04_Example2_normal_seq19_cube_999999_1,st04_Example2_normal_seq19_cube_999999_1_ILS.json
st04_Example2_normal,19,cylinder,BLF,1,0.152004105,0.847995895,19,0,0,st04_Example2_normal_seq19_cylinder_999999_1,st04_Example2_normal_seq19_cylinder_999999_1_BLF.json
st04_Example2_normal,19,cylinder,GRASP,1,0.152004105,0.847995895,19,0,0,st04_Example2_normal_seq19_cylinder_999999_1,st04_Example2_normal_seq19_cylinder_999999_1_GRASP.json
st04_Example2_normal,19,cylinder,GRASP_ILS,1,0.152004105,0.847995895,19,0,0,st04_Example2_normal_seq19_cylinder_999999_1,st04_Example2_normal_seq19_cylinder_999999_1_GRASP_ILS.json
st04_Example2_normal,19,cylinder,ILS,1,0.152004105,0.847995895,19,0,0,st04_Example2_normal_seq19_cylinder_999999_1,st04_Example2_normal_seq19_cylinder_999999_1_ILS.json
st04_Example2_normal,53,cube,BLF,1,0.214771953,0.785228047,53,0,0,st04_Example2_normal_seq53_cube_999999_1,st04_Example2_normal_seq53_cube_999999_1_BLF.json
st04_Example2_normal,53,cube,GRASP,1,0.214771953,0.785228047,53,100,13.42744268,st04_Example2_normal_seq53_cube_999999_1,st04_Example2_normal_seq53_cube_999999_1_GRASP.json
st04_Example2_normal,53,cube,GRASP_ILS,1,0.214771953,0.785228047,53,100,13.42744268,st04_Example2_normal_seq53_cube_999999_1,st04_Example2_normal_seq53_cube_999999_1_GRASP_ILS.json
st04_Example2_normal,53,cube,ILS,1,0.214771953,0.785228047,53,100,9.246076141,st04_Example2_normal_seq53_cube_999999_1,st04_Example2_normal_seq53_cube_999999_1_ILS.json
st04_Example2_normal,53,cylinder,BLF,1,0.152004105,0.847995895,53,0,0,st04_Example2_normal_seq53_cylinder_999999_1,st04_Example2_normal_seq53_cylinder_999999_1_BLF.json
st04_Example2_normal,53,cylinder,GRASP,1,0.152004105,0.847995895,53,0,0,st04_Example2_normal_seq53_cylinder_999999_1,st04_Example2_normal_seq53_cylinder_999999_1_GRASP.json
st04_Example2_normal,53,cylinder,GRASP_ILS,1,0.152004105,0.847995895,53,0,0,st04_Example2_normal_seq53_cylinder_999999_1,st04_Example2_normal_seq53_cylinder_999999_1_GRASP_ILS.json
st04_Example2_normal,53,cylinder,ILS,1,0.152004105,0.847995895,53,0,0,st04_Example2_normal_seq53_cylinder_999999_1,st04_Example2_normal_seq53_cylinder_999999_1_ILS.json
st04_Example3_normal,3,cube,BLF,2,0.219070193,1.780929807,3,0,0,st04_Example3_normal_seq3_cube_999999_1,st04_Example3_normal_seq3_cube_999999_1_BLF.json
st04_Example3_normal,3,cube,GRASP,2,0.234958936,1.765041064,3,0,14.48635145,st04_Example3_normal_seq3_cube_999999_1,st04_Example3_normal_seq3_cube_999999_1_GRASP.json
st04_Example3_normal,3,cube,GRASP_ILS,2,0.234589388,1.765410612,3,0,14.30628475,st04_Example3_normal_seq3_cube_999999_1,st04_Example3_normal_seq3_cube_999999_1_GRASP_ILS.json
st04_Example3_normal,3,cube,ILS,2,0.238648562,1.761351438,3,0,0,st04_Example3_normal_seq3_cube_999999_1,st04_Example3_normal_seq3_cube_999999_1_ILS.json
st04_Example3_normal,3,cylinder,BLF,2,0.210012043,1.789987957,3,0,0,st04_Example3_normal_seq3_cylinder_999999_1,st04_Example3_normal_seq3_cylinder_999999_1_BLF.json
st04_Example3_normal,3,cylinder,GRASP,2,0.199028387,1.800971613,3,0,4.782604698,st04_Example3_normal_seq3_cylinder_999999_1,st04_Example3_normal_seq3_cylinder_999999_1_GRASP.json
st04_Example3_normal,3,cylinder,GRASP_ILS,2,0.207938226,1.792061774,3,0,9.473373271,st04_Example3_normal_seq3_cylinder_999999_1,st04_Example3_normal_seq3_cylinder_999999_1_GRASP_ILS.json
st04_Example3_normal,3,cylinder,ILS,2,0.219096319,1.780903681,3,0,0,st04_Example3_normal_seq3_cylinder_999999_1,st04_Example3_normal_seq3_cylinder_999999_1_ILS.json
st04_Example3_normal,7,cube,BLF,2,0.226409035,1.773590965,7,0,0,st04_Example3_normal_seq7_cube_999999_1,st04_Example3_normal_seq7_cube_999999_1_BLF.json
st04_Example3_normal,7,cube,GRASP,2,0.251484056,1.748515944,7,0,12.70773455,st04_Example3_normal_seq7_cube_999999_1,st04_Example3_normal_seq7_cube_999999_1_GRASP.json
st04_Example3_normal,7,cube,GRASP_ILS,2,0.240442015,1.759557985,7,0,7.759017556,st04_Example3_normal_seq7_cube_999999_1,st04_Example3_normal_seq7_cube_999999_1_GRASP_ILS.json
st04_Example3_normal,7,cube,ILS,2,0.251484056,1.748515944,7,0,15.60300784,st04_Example3_normal_seq7_cube_999999_1,st04_Example3_normal_seq7_cube_999999_1_ILS.json
st04_Example3_normal,7,cylinder,BLF,2,0.194898873,1.805101127,7,0,0,st04_Example3_normal_seq7_cylinder_999999_1,st04_Example3_normal_seq7_cylinder_999999_1_BLF.json
st04_Example3_normal,7,cylinder,GRASP,1,0.228006157,0.771993843,7,0,0,st04_Example3_normal_seq7_cylinder_999999_1,st04_Example3_normal_seq7_cylinder_999999_1_GRASP.json
st04_Example3_normal,7,cylinder,GRASP_ILS,1,0.228006157,0.771993843,7,0,0,st04_Example3_normal_seq7_cylinder_999999_1,st04_Example3_normal_seq7_cylinder_999999_1_GRASP_ILS.json
st04_Example3_normal,7,cylinder,ILS,2,0.215236429,1.784763571,7,0,3.509794225,st04_Example3_normal_seq7_cylinder_999999_1,st04_Example3_normal_seq7_cylinder_999999_1_ILS.json
st04_Example3_normal,13,cube,BLF,2,0.236248347,1.763751653,13,0,0,st04_Example3_normal_seq13_cube_999999_1,st04_Example3_normal_seq13_cube_999999_1_BLF.json
st04_Example3_normal,13,cube,GRASP,2,0.262031,1.737969,13,0,6.891947838,st04_Example3_normal_seq13_cube_999999_1,st04_Example3_normal_seq13_cube_999999_1_GRASP.json
st04_Example3_normal,13,cube,GRASP_ILS,2,0.269278226,1.730721774,13,0,9.848354245,st04_Example3_normal_seq13_cube_999999_1,st04_Example3_normal_seq13_cube_999999_1_GRASP_ILS.json
st04_Example3_normal,13,cube,ILS,2,0.268662209,1.731337791,13,0,9.597058442,st04_Example3_normal_seq13_cube_999999_1,st04_Example3_normal_seq13_cube_999999_1_ILS.json
st04_Example3_normal,13,cylinder,BLF,2,0.193192051,1.806807949,13,0,0,st04_Example3_normal_seq13_cylinder_999999_1,st04_Example3_normal_seq13_cylinder_999999_1_BLF.json
st04_Example3_normal,13,cylinder,GRASP,2,0.207231089,1.792768911,13,0,2.449501627,st04_Example3_normal_seq13_cylinder_999999_1,st04_Example3_normal_seq13_cylinder_999999_1_GRASP.json
st04_Example3_normal,13,cylinder,GRASP_ILS,2,0.224051081,1.775948919,13,0,10.7648554,st04_Example3_normal_seq13_cylinder_999999_1,st04_Example3_normal_seq13_cylinder_999999_1_GRASP_ILS.json
st04_Example3_normal,13,cylinder,ILS,2,0.220096004,1.779903996,13,0,8.809571351,st04_Example3_normal_seq13_cylinder_999999_1,st04_Example3_normal_seq13_cylinder_999999_1_ILS.json
st04_Example3_normal,19,cube,BLF,2,0.220199198,1.779800802,19,0,0,st04_Example3_normal_seq19_cube_999999_1,st04_Example3_normal_seq19_cube_999999_1_BLF.json
st04_Example3_normal,19,cube,GRASP,2,0.233222243,1.766777757,19,0,10.71900325,st04_Example3_normal_seq19_cube_999999_1,st04_Example3_normal_seq19_cube_999999_1_GRASP.json
st04_Example3_normal,19,cube,GRASP_ILS,2,0.223478866,1.776521134,19,0,6.093471302,st04_Example3_normal_seq19_cube_999999_1,st04_Example3_normal_seq19_cube_999999_1_GRASP_ILS.json
st04_Example3_normal,19,cube,ILS,2,0.230130126,1.769869874,19,0,0,st04_Example3_normal_seq19_cube_999999_1,st04_Example3_normal_seq19_cube_999999_1_ILS.json
st04_Example3_normal,19,cylinder,BLF,2,0.187870294,1.812129706,19,0,0,st04_Example3_normal_seq19_cylinder_999999_1,st04_Example3_normal_seq19_cylinder_999999_1_BLF.json
st04_Example3_normal,19,cylinder,GRASP,2,0.196113821,1.803886179,19,0,0.067730149,st04_Example3_normal_seq19_cylinder_999999_1,st04_Example3_normal_seq19_cylinder_999999_1_GRASP.json
st04_Example3_normal,19,cylinder,GRASP_ILS,2,0.196113821,1.803886179,19,0,0.067730149,st04_Example3_normal_seq19_cylinder_999999_1,st04_Example3_normal_seq19_cylinder_999999_1_GRASP_ILS.json
st04_Example3_normal,19,cylinder,ILS,2,0.214966805,1.785033195,19,0,1.354525654,st04_Example3_normal_seq19_cylinder_999999_1,st04_Example3_normal_seq19_cylinder_999999_1_ILS.json
st04_Example3_normal,53,cube,BLF,2,0.220199198,1.779800802,53,0,0,st04_Example3_normal_seq53_cube_999999_1,st04_Example3_normal_seq53_cube_999999_1_BLF.json
st04_Example3_normal,53,cube,GRASP,2,0.242965619,1.757034381,53,0,4.950212727,st04_Example3_normal_seq53_cube_999999_1,st04_Example3_normal_seq53_cube_999999_1_GRASP.json
st04_Example3_normal,53,cube,GRASP_ILS,2,0.248553886,1.751446114,53,0,7.36409267,st04_Example3_normal_seq53_cube_999999_1,st04_Example3_normal_seq53_cube_999999_1_GRASP_ILS.json
st04_Example3_normal,53,cube,ILS,2,0.232028767,1.767971233,53,0,5.195667923,st04_Example3_normal_seq53_cube_999999_1,st04_Example3_normal_seq53_cube_999999_1_ILS.json
st04_Example3_normal,53,cylinder,BLF,2,0.187870294,1.812129706,53,0,0,st04_Example3_normal_seq53_cylinder_999999_1,st04_Example3_normal_seq53_cylinder_999999_1_BLF.json
st04_Example3_normal,53,cylinder,GRASP,1,0.228006157,0.771993843,53,100,21.36360309,st04_Example3_normal_seq53_cylinder_999999_1,st04_Example3_normal_seq53_cylinder_999999_1_GRASP.json
st04_Example3_normal,53,cylinder,GRASP_ILS,2,0.207938226,1.792061774,53,0,10.68180154,st04_Example3_normal_seq53_cylinder_999999_1,st04_Example3_normal_seq53_cylinder_999999_1_GRASP_ILS.json
st04_Example3_normal,53,cylinder,ILS,2,0.216049015,1.783950985,53,0,0,st04_Example3_normal_seq53_cylinder_999999_1,st04_Example3_normal_seq53_cylinder_999999_1_ILS.json
st04_Example4_normal,3,cube,BLF,2,0.258087502,1.741912498,3,0,0,st04_Example4_normal_seq3_cube_999999_1,st04_Example4_normal_seq3_cube_999999_1_BLF.json
st04_Example4_normal,3,cube,GRASP,2,0.279961207,1.720038793,3,0,0,st04_Example4_normal_seq3_cube_999999_1,st04_Example4_normal_seq3_cube_999999_1_GRASP.json
st04_Example4_normal,3,cube,GRASP_ILS,2,0.279961207,1.720038793,3,0,0,st04_Example4_normal_seq3_cube_999999_1,st04_Example4_normal_seq3_cube_999999_1_GRASP_ILS.json
st04_Example4_normal,3,cube,ILS,2,0.257612765,1.742387235,3,50,24.85798629,st04_Example4_normal_seq3_cube_999999_1,st04_Example4_normal_seq3_cube_999999_1_ILS.json
st04_Example4_normal,3,cylinder,BLF,2,0.214424062,1.785575938,3,0,0,st04_Example4_normal_seq3_cylinder_999999_1,st04_Example4_normal_seq3_cylinder_999999_1_BLF.json
st04_Example4_normal,3,cylinder,GRASP,2,0.211180926,1.788819074,3,0,0,st04_Example4_normal_seq3_cylinder_999999_1,st04_Example4_normal_seq3_cylinder_999999_1_GRASP.json
st04_Example4_normal,3,cylinder,GRASP_ILS,2,0.219553262,1.780446738,3,0,3.964532276,st04_Example4_normal_seq3_cylinder_999999_1,st04_Example4_normal_seq3_cylinder_999999_1_GRASP_ILS.json
st04_Example4_normal,3,cylinder,ILS,2,0.222164582,1.777835418,3,0,5.509203434,st04_Example4_normal_seq3_cylinder_999999_1,st04_Example4_normal_seq3_cylinder_999999_1_ILS.json
st04_Example4_normal,7,cube,BLF,2,0.22828886,1.77171114,7,0,0,st04_Example4_normal_seq7_cube_999999_1,st04_Example4_normal_seq7_cube_999999_1_BLF.json
st04_Example4_normal,7,cube,GRASP,2,0.250532113,1.749467887,7,0,0,st04_Example4_normal_seq7_cube_999999_1,st04_Example4_normal_seq7_cube_999999_1_GRASP.json
st04_Example4_normal,7,cube,GRASP_ILS,2,0.257622019,1.742377981,7,0,2.829938942,st04_Example4_normal_seq7_cube_999999_1,st04_Example4_normal_seq7_cube_999999_1_GRASP_ILS.json
st04_Example4_normal,7,cube,ILS,2,0.231353523,1.768646477,7,0,0.719269879,st04_Example4_normal_seq7_cube_999999_1,st04_Example4_normal_seq7_cube_999999_1_ILS.json
st04_Example4_normal,7,cylinder,BLF,2,0.211045131,1.788954869,7,0,0,st04_Example4_normal_seq7_cylinder_999999_1,st04_Example4_normal_seq7_cylinder_999999_1_BLF.json
st04_Example4_normal,7,cylinder,GRASP,2,0.236109524,1.763890476,7,0,18.49174437,st04_Example4_normal_seq7_cylinder_999999_1,st04_Example4_normal_seq7_cylinder_999999_1_GRASP.json
st04_Example4_normal,7,cylinder,GRASP_ILS,2,0.206158266,1.793841734,7,0,3.460683021,st04_Example4_normal_seq7_cylinder_999999_1,st04_Example4_normal_seq7_cylinder_999999_1_GRASP_ILS.json
st04_Example4_normal,7,cylinder,ILS,2,0.240197339,1.759802661,7,0,14.70665203,st04_Example4_normal_seq7_cylinder_999999_1,st04_Example4_normal_seq7_cylinder_999999_1_ILS.json
st04_Example4_normal,13,cube,BLF,2,0.241530919,1.758469081,13,0,0,st04_Example4_normal_seq13_cube_999999_1,st04_Example4_normal_seq13_cube_999999_1_BLF.json
st04_Example4_normal,13,cube,GRASP,2,0.241530919,1.758469081,13,50,20.25067037,st04_Example4_normal_seq13_cube_999999_1,st04_Example4_normal_seq13_cube_999999_1_GRASP.json
st04_Example4_normal,13,cube,GRASP_ILS,2,0.251274295,1.748725705,13,50,25.10159199,st04_Example4_normal_seq13_cube_999999_1,st04_Example4_normal_seq13_cube_999999_1_GRASP_ILS.json
st04_Example4_normal,13,cube,ILS,2,0.265056796,1.734943204,13,0,0,st04_Example4_normal_seq13_cube_999999_1,st04_Example4_normal_seq13_cube_999999_1_ILS.json
st04_Example4_normal,13,cylinder,BLF,2,0.212652618,1.787347382,13,0,0,st04_Example4_normal_seq13_cylinder_999999_1,st04_Example4_normal_seq13_cylinder_999999_1_BLF.json
st04_Example4_normal,13,cylinder,GRASP,2,0.236612532,1.763387468,13,0,0,st04_Example4_normal_seq13_cylinder_999999_1,st04_Example4_normal_seq13_cylinder_999999_1_GRASP.json
st04_Example4_normal,13,cylinder,GRASP_ILS,2,0.236612532,1.763387468,13,0,0,st04_Example4_normal_seq13_cylinder_999999_1,st04_Example4_normal_seq13_cylinder_999999_1_GRASP_ILS.json
st04_Example4_normal,13,cylinder,ILS,2,0.224485755,1.775514245,13,0,0,st04_Example4_normal_seq13_cylinder_999999_1,st04_Example4_normal_seq13_cylinder_999999_1_ILS.json
st04_Example4_normal,19,cube,BLF,3,0.186417266,2.813582734,19,0,0,st04_Example4_normal_seq19_cube_999999_1,st04_Example4_normal_seq19_cube_999999_1_BLF.json
st04_Example4_normal,19,cube,GRASP,2,0.255816228,1.744183772,19,50,26.52711558,st04_Example4_normal_seq19_cube_999999_1,st04_Example4_normal_seq19_cube_999999_1_GRASP.json
st04_Example4_normal,19,cube,GRASP_ILS,2,0.238228116,1.761771884,19,50,17.82800735,st04_Example4_normal_seq19_cube_999999_1,st04_Example4_normal_seq19_cube_999999_1_GRASP_ILS.json
st04_Example4_normal,19,cube,ILS,2,0.257714869,1.742285131,19,0,0,st04_Example4_normal_seq19_cube_999999_1,st04_Example4_normal_seq19_cube_999999_1_ILS.json
st04_Example4_normal,19,cylinder,BLF,2,0.202264101,1.797735899,19,0,0,st04_Example4_normal_seq19_cylinder_999999_1,st04_Example4_normal_seq19_cylinder_999999_1_BLF.json
st04_Example4_normal,19,cylinder,GRASP,2,0.227998735,1.772001265,19,0,8.53334719,st04_Example4_normal_seq19_cylinder_999999_1,st04_Example4_normal_seq19_cylinder_999999_1_GRASP.json
st04_Example4_normal,19,cylinder,GRASP_ILS,2,0.218074583,1.781925417,19,0,3.809192237,st04_Example4_normal_seq19_cylinder_999999_1,st04_Example4_normal_seq19_cylinder_999999_1_GRASP_ILS.json
st04_Example4_normal,19,cylinder,ILS,2,0.218074583,1.781925417,19,0,3.809192237,st04_Example4_normal_seq19_cylinder_999999_1,st04_Example4_normal_seq19_cylinder_999999_1_ILS.json
st04_Example4_normal,53,cube,BLF,2,0.234292021,1.765707979,53,0,0,st04_Example4_normal_seq53_cube_999999_1,st04_Example4_normal_seq53_cube_999999_1_BLF.json
st04_Example4_normal,53,cube,GRASP,2,0.247772528,1.752227472,53,50,23.51903624,st04_Example4_normal_seq53_cube_999999_1,st04_Example4_normal_seq53_cube_999999_1_GRASP.json
st04_Example4_normal,53,cube,GRASP_ILS,2,0.242707428,1.757292572,53,50,20.99399341,st04_Example4_normal_seq53_cube_999999_1,st04_Example4_normal_seq53_cube_999999_1_GRASP_ILS.json
st04_Example4_normal,53,cube,ILS,2,0.251141344,1.748858656,53,0,2.968599022,st04_Example4_normal_seq53_cube_999999_1,st04_Example4_normal_seq53_cube_999999_1_ILS.json
st04_Example4_normal,53,cylinder,BLF,2,0.212078437,1.787921563,53,0,0,st04_Example4_normal_seq53_cylinder_999999_1,st04_Example4_normal_seq53_cylinder_999999_1_BLF.json
st04_Example4_normal,53,cylinder,GRASP,2,0.229227874,1.770772126,53,0,3.101595771,st04_Example4_normal_seq53_cylinder_999999_1,st04_Example4_normal_seq53_cylinder_999999_1_GRASP.json
st04_Example4_normal,53,cylinder,GRASP_ILS,2,0.229227874,1.770772126,53,0,3.101595771,st04_Example4_normal_seq53_cylinder_999999_1,st04_Example4_normal_seq53_cylinder_999999_1_GRASP_ILS.json
st04_Example4_normal,53,cylinder,ILS,2,0.220318035,1.779681965,53,0,3.315522913,st04_Example4_normal_seq53_cylinder_999999_1,st04_Example4_normal_seq53_cylinder_999999_1_ILS.json
st04_Example5_normal,3,cube,BLF,3,0.210067148,2.789932852,3,0,0,st04_Example5_normal_seq3_cube_999999_1,st04_Example5_normal_seq3_cube_999999_1_BLF.json
st04_Example5_normal,3,cube,GRASP,3,0.236705193,2.763294807,3,0,3.346945042,st04_Example5_normal_seq3_cube_999999_1,st04_Example5_normal_seq3_cube_999999_1_GRASP.json
st04_Example5_normal,3,cube,GRASP_ILS,3,0.236705193,2.763294807,3,0,3.346945042,st04_Example5_normal_seq3_cube_999999_1,st04_Example5_normal_seq3_cube_999999_1_GRASP_ILS.json
st04_Example5_normal,3,cube,ILS,3,0.246101847,2.753898153,3,0,8.784744711,st04_Example5_normal_seq3_cube_999999_1,st04_Example5_normal_seq3_cube_999999_1_ILS.json
st04_Example5_normal,3,cylinder,BLF,2,0.237451971,1.762548029,3,0,0,st04_Example5_normal_seq3_cylinder_999999_1,st04_Example5_normal_seq3_cylinder_999999_1_BLF.json
st04_Example5_normal,3,cylinder,GRASP,2,0.212469666,1.787530334,3,50,19.33280894,st04_Example5_normal_seq3_cylinder_999999_1,st04_Example5_normal_seq3_cylinder_999999_1_GRASP.json
st04_Example5_normal,3,cylinder,GRASP_ILS,2,0.244609358,1.755390642,3,50,37.38394938,st04_Example5_normal_seq3_cylinder_999999_1,st04_Example5_normal_seq3_cylinder_999999_1_GRASP_ILS.json
st04_Example5_normal,3,cylinder,ILS,2,0.234726033,1.765273967,3,0,0,st04_Example5_normal_seq3_cylinder_999999_1,st04_Example5_normal_seq3_cylinder_999999_1_ILS.json
st04_Example5_normal,7,cube,BLF,3,0.214202207,2.785797793,7,0,0,st04_Example5_normal_seq7_cube_999999_1,st04_Example5_normal_seq7_cube_999999_1_BLF.json
st04_Example5_normal,7,cube,GRASP,3,0.247428583,2.752571417,7,0,6.078143019,st04_Example5_normal_seq7_cube_999999_1,st04_Example5_normal_seq7_cube_999999_1_GRASP.json
st04_Example5_normal,7,cube,GRASP_ILS,3,0.241960157,2.758039843,7,0,3.73370698,st04_Example5_normal_seq7_cube_999999_1,st04_Example5_normal_seq7_cube_999999_1_GRASP_ILS.json
st04_Example5_normal,7,cube,ILS,3,0.236826885,2.763173115,7,0,1.532958982,st04_Example5_normal_seq7_cube_999999_1,st04_Example5_normal_seq7_cube_999999_1_ILS.json
st04_Example5_normal,7,cylinder,BLF,3,0.179971165,2.820028835,7,0,0,st04_Example5_normal_seq7_cylinder_999999_1,st04_Example5_normal_seq7_cylinder_999999_1_BLF.json
st04_Example5_normal,7,cylinder,GRASP,2,0.200854411,1.799145589,7,0,0,st04_Example5_normal_seq7_cylinder_999999_1,st04_Example5_normal_seq7_cylinder_999999_1_GRASP.json
st04_Example5_normal,7,cylinder,GRASP_ILS,2,0.204639854,1.795360146,7,0,1.884669816,st04_Example5_normal_seq7_cylinder_999999_1,st04_Example5_normal_seq7_cylinder_999999_1_GRASP_ILS.json
st04_Example5_normal,7,cylinder,ILS,2,0.208594931,1.791405069,7,0,0,st04_Example5_normal_seq7_cylinder_999999_1,st04_Example5_normal_seq7_cylinder_999999_1_ILS.json
st04_Example5_normal,13,cube,BLF,3,0.217138083,2.782861917,13,0,0,st04_Example5_normal_seq13_cube_999999_1,st04_Example5_normal_seq13_cube_999999_1_BLF.json
st04_Example5_normal,13,cube,GRASP,3,0.230718689,2.769281311,13,0,1.985600916,st04_Example5_normal_seq13_cube_999999_1,st04_Example5_normal_seq13_cube_999999_1_GRASP.json
st04_Example5_normal,13,cube,GRASP_ILS,3,0.250928962,2.749071038,13,0,10.91923696,st04_Example5_normal_seq13_cube_999999_1,st04_Example5_normal_seq13_cube_999999_1_GRASP_ILS.json
st04_Example5_normal,13,cube,ILS,3,0.241840315,2.758159685,13,0,5.928943475,st04_Example5_normal_seq13_cube_999999_1,st04_Example5_normal_seq13_cube_999999_1_ILS.json
st04_Example5_normal,13,cylinder,BLF,2,0.233685522,1.766314478,13,0,0,st04_Example5_normal_seq13_cylinder_999999_1,st04_Example5_normal_seq13_cylinder_999999_1_BLF.json
st04_Example5_normal,13,cylinder,GRASP,2,0.252368871,1.747631129,13,0,2.809205114,st04_Example5_normal_seq13_cylinder_999999_1,st04_Example5_normal_seq13_cylinder_999999_1_GRASP.json
st04_Example5_normal,13,cylinder,GRASP_ILS,2,0.252368871,1.747631129,13,0,2.809205114,st04_Example5_normal_seq13_cylinder_999999_1,st04_Example5_normal_seq13_cylinder_999999_1_GRASP_ILS.json
st04_Example5_normal,13,cylinder,ILS,2,0.228822672,1.771177328,13,0,0,st04_Example5_normal_seq13_cylinder_999999_1,st04_Example5_normal_seq13_cylinder_999999_1_ILS.json
st04_Example5_normal,19,cube,BLF,3,0.220980248,2.779019752,19,0,0,st04_Example5_normal_seq19_cube_999999_1,st04_Example5_normal_seq19_cube_999999_1_BLF.json
st04_Example5_normal,19,cube,GRASP,3,0.230898373,2.769101627,19,0,0,st04_Example5_normal_seq19_cube_999999_1,st04_Example5_normal_seq19_cube_999999_1_GRASP.json
st04_Example5_normal,19,cube,GRASP_ILS,3,0.230898373,2.769101627,19,0,0,st04_Example5_normal_seq19_cube_999999_1,st04_Example5_normal_seq19_cube_999999_1_GRASP_ILS.json
st04_Example5_normal,19,cube,ILS,3,0.245075717,2.754924283,19,0,0,st04_Example5_normal_seq19_cube_999999_1,st04_Example5_normal_seq19_cube_999999_1_ILS.json
st04_Example5_normal,19,cylinder,BLF,2,0.205190019,1.794809981,19,0,0,st04_Example5_normal_seq19_cylinder_999999_1,st04_Example5_normal_seq19_cylinder_999999_1_BLF.json
st04_Example5_normal,19,cylinder,GRASP,2,0.234179142,1.765820858,19,0,0,st04_Example5_normal_seq19_cylinder_999999_1,st04_Example5_normal_seq19_cylinder_999999_1_GRASP.json
st04_Example5_normal,19,cylinder,GRASP_ILS,2,0.234179142,1.765820858,19,0,0,st04_Example5_normal_seq19_cylinder_999999_1,st04_Example5_normal_seq19_cylinder_999999_1_GRASP_ILS.json
st04_Example5_normal,19,cylinder,ILS,2,0.229117841,1.770882159,19,0,0,st04_Example5_normal_seq19_cylinder_999999_1,st04_Example5_normal_seq19_cylinder_999999_1_ILS.json
st04_Example5_normal,53,cube,BLF,3,0.230333871,2.769666129,53,0,0,st04_Example5_normal_seq53_cube_999999_1,st04_Example5_normal_seq53_cube_999999_1_BLF.json
st04_Example5_normal,53,cube,GRASP,3,0.235280826,2.764719174,53,0,3.724024168,st04_Example5_normal_seq53_cube_999999_1,st04_Example5_normal_seq53_cube_999999_1_GRASP.json
st04_Example5_normal,53,cube,GRASP_ILS,3,0.239607291,2.760392709,53,0,5.631354993,st04_Example5_normal_seq53_cube_999999_1,st04_Example5_normal_seq53_cube_999999_1_GRASP_ILS.json
st04_Example5_normal,53,cube,ILS,3,0.259376296,2.740623704,53,0,5.781975735,st04_Example5_normal_seq53_cube_999999_1,st04_Example5_normal_seq53_cube_999999_1_ILS.json
st04_Example5_normal,53,cylinder,BLF,2,0.22321186,1.77678814,53,0,0,st04_Example5_normal_seq53_cylinder_999999_1,st04_Example5_normal_seq53_cylinder_999999_1_BLF.json
st04_Example5_normal,53,cylinder,GRASP,2,0.212530577,1.787469423,53,50,18.09146022,st04_Example5_normal_seq53_cylinder_999999_1,st04_Example5_normal_seq53_cylinder_999999_1_GRASP.json
st04_Example5_normal,53,cylinder,GRASP_ILS,2,0.23095238,1.76904762,53,50,28.32743473,st04_Example5_normal_seq53_cylinder_999999_1,st04_Example5_normal_seq53_cylinder_999999_1_GRASP_ILS.json
st04_Example5_normal,53,cylinder,ILS,2,0.228273162,1.771726838,53,0,0,st04_Example5_normal_seq53_cylinder_999999_1,st04_Example5_normal_seq53_cylinder_999999_1_ILS.json
st05_e2,3,cube,BLF,1,0.339542204,0.660457796,3,0,0,st05_e2_seq3_cube_999999_1,st05_e2_seq3_cube_999999_1_BLF.json
st05_e2,3,cube,GRASP,1,0.339542204,0.660457796,3,0,0,st05_e2_seq3_cube_999999_1,st05_e2_seq3_cube_999999_1_GRASP.json
st05_e2,3,cube,GRASP_ILS,1,0.339542204,0.660457796,3,0,0,st05_e2_seq3_cube_999999_1,st05_e2_seq3_cube_999999_1_GRASP_ILS.json
st05_e2,3,cube,ILS,1,0.339542204,0.660457796,3,0,0,st05_e2_seq3_cube_999999_1,st05_e2_seq3_cube_999999_1_ILS.json
st05_e2,3,cylinder,BLF,1,0.317581426,0.682418574,3,0,0,st05_e2_seq3_cylinder_999999_1,st05_e2_seq3_cylinder_999999_1_BLF.json
st05_e2,3,cylinder,GRASP,1,0.317581426,0.682418574,3,0,0,st05_e2_seq3_cylinder_999999_1,st05_e2_seq3_cylinder_999999_1_GRASP.json
st05_e2,3,cylinder,GRASP_ILS,1,0.317581426,0.682418574,3,0,0,st05_e2_seq3_cylinder_999999_1,st05_e2_seq3_cylinder_999999_1_GRASP_ILS.json
st05_e2,3,cylinder,ILS,1,0.317581426,0.682418574,3,100,7.466954119,st05_e2_seq3_cylinder_999999_1,st05_e2_seq3_cylinder_999999_1_ILS.json
st05_e2,7,cube,BLF,2,0.302331873,1.697668127,7,0,0,st05_e2_seq7_cube_999999_1,st05_e2_seq7_cube_999999_1_BLF.json
st05_e2,7,cube,GRASP,1,0.339542204,0.660457796,7,100,12.30777646,st05_e2_seq7_cube_999999_1,st05_e2_seq7_cube_999999_1_GRASP.json
st05_e2,7,cube,GRASP_ILS,1,0.339542204,0.660457796,7,100,12.30777646,st05_e2_seq7_cube_999999_1,st05_e2_seq7_cube_999999_1_GRASP_ILS.json
st05_e2,7,cube,ILS,1,0.339542204,0.660457796,7,100,28.07039431,st05_e2_seq7_cube_999999_1,st05_e2_seq7_cube_999999_1_ILS.json
st05_e2,7,cylinder,BLF,2,0.247974115,1.752025885,7,0,0,st05_e2_seq7_cylinder_999999_1,st05_e2_seq7_cylinder_999999_1_BLF.json
st05_e2,7,cylinder,GRASP,1,0.317581426,0.682418574,7,100,12.30777646,st05_e2_seq7_cylinder_999999_1,st05_e2_seq7_cylinder_999999_1_GRASP.json
st05_e2,7,cylinder,GRASP_ILS,1,0.317581426,0.682418574,7,100,12.30777646,st05_e2_seq7_cylinder_999999_1,st05_e2_seq7_cylinder_999999_1_GRASP_ILS.json
st05_e2,7,cylinder,ILS,1,0.317581426,0.682418574,7,100,28.07039431,st05_e2_seq7_cylinder_999999_1,st05_e2_seq7_cylinder_999999_1_ILS.json
st05_e2,13,cube,BLF,2,0.265121542,1.734878458,13,0,0,st05_e2_seq13_cube_999999_1,st05_e2_seq13_cube_999999_1_BLF.json
st05_e2,13,cube,GRASP,1,0.339542204,0.660457796,13,100,12.30777646,st05_e2_seq13_cube_999999_1,st05_e2_seq13_cube_999999_1_GRASP.json
st05_e2,13,cube,GRASP_ILS,1,0.339542204,0.660457796,13,100,12.30777646,st05_e2_seq13_cube_999999_1,st05_e2_seq13_cube_999999_1_GRASP_ILS.json
st05_e2,13,cube,ILS,1,0.339542204,0.660457796,13,100,12.30777646,st05_e2_seq13_cube_999999_1,st05_e2_seq13_cube_999999_1_ILS.json
st05_e2,13,cylinder,BLF,2,0.28277777,1.71722223,13,0,0,st05_e2_seq13_cylinder_999999_1,st05_e2_seq13_cylinder_999999_1_BLF.json
st05_e2,13,cylinder,GRASP,1,0.317581426,0.682418574,13,100,12.30777646,st05_e2_seq13_cylinder_999999_1,st05_e2_seq13_cylinder_999999_1_GRASP.json
st05_e2,13,cylinder,GRASP_ILS,1,0.317581426,0.682418574,13,100,12.30777646,st05_e2_seq13_cylinder_999999_1,st05_e2_seq13_cylinder_999999_1_GRASP_ILS.json
st05_e2,13,cylinder,ILS,1,0.317581426,0.682418574,13,100,48.9800361,st05_e2_seq13_cylinder_999999_1,st05_e2_seq13_cylinder_999999_1_ILS.json
st05_e2,19,cube,BLF,2,0.313298585,1.686701415,19,0,0,st05_e2_seq19_cube_999999_1,st05_e2_seq19_cube_999999_1_BLF.json
st05_e2,19,cube,GRASP,1,0.339542204,0.660457796,19,0,0,st05_e2_seq19_cube_999999_1,st05_e2_seq19_cube_999999_1_GRASP.json
st05_e2,19,cube,GRASP_ILS,1,0.339542204,0.660457796,19,0,0,st05_e2_seq19_cube_999999_1,st05_e2_seq19_cube_999999_1_GRASP_ILS.json
st05_e2,19,cube,ILS,1,0.339542204,0.660457796,19,0,0,st05_e2_seq19_cube_999999_1,st05_e2_seq19_cube_999999_1_ILS.json
st05_e2,19,cylinder,BLF,1,0.317581426,0.682418574,19,0,0,st05_e2_seq19_cylinder_999999_1,st05_e2_seq19_cylinder_999999_1_BLF.json
st05_e2,19,cylinder,GRASP,1,0.317581426,0.682418574,19,0,0,st05_e2_seq19_cylinder_999999_1,st05_e2_seq19_cylinder_999999_1_GRASP.json
st05_e2,19,cylinder,GRASP_ILS,1,0.317581426,0.682418574,19,0,0,st05_e2_seq19_cylinder_999999_1,st05_e2_seq19_cylinder_999999_1_GRASP_ILS.json
st05_e2,19,cylinder,ILS,1,0.317581426,0.682418574,19,0,0,st05_e2_seq19_cylinder_999999_1,st05_e2_seq19_cylinder_999999_1_ILS.json
st05_e2,53,cube,BLF,1,0.339542204,0.660457796,53,0,0,st05_e2_seq53_cube_999999_1,st05_e2_seq53_cube_999999_1_BLF.json
st05_e2,53,cube,GRASP,1,0.339542204,0.660457796,53,100,12.30777646,st05_e2_seq53_cube_999999_1,st05_e2_seq53_cube_999999_1_GRASP.json
st05_e2,53,cube,GRASP_ILS,1,0.339542204,0.660457796,53,100,12.30777646,st05_e2_seq53_cube_999999_1,st05_e2_seq53_cube_999999_1_GRASP_ILS.json
st05_e2,53,cube,ILS,1,0.339542204,0.660457796,53,100,12.30777646,st05_e2_seq53_cube_999999_1,st05_e2_seq53_cube_999999_1_ILS.json
st05_e2,53,cylinder,BLF,1,0.317581426,0.682418574,53,0,0,st05_e2_seq53_cylinder_999999_1,st05_e2_seq53_cylinder_999999_1_BLF.json
st05_e2,53,cylinder,GRASP,1,0.317581426,0.682418574,53,100,12.30777646,st05_e2_seq53_cylinder_999999_1,st05_e2_seq53_cylinder_999999_1_GRASP.json
st05_e2,53,cylinder,GRASP_ILS,1,0.317581426,0.682418574,53,100,12.30777646,st05_e2_seq53_cylinder_999999_1,st05_e2_seq53_cylinder_999999_1_GRASP_ILS.json
st05_e2,53,cylinder,ILS,1,0.317581426,0.682418574,53,0,0,st05_e2_seq53_cylinder_999999_1,st05_e2_seq53_cylinder_999999_1_ILS.json
